filepath,label,source,split,duration_s,sample_rate,seed_for_split,consent_basis,uuid,gender,weeks,filename_label_mismatch
data/raw/donateacry-corpus/donateacry_corpus_cleaned_and_updated_data/belly_pain/643D64AD-B711-469A-AF69-55C0D5D3E30F-1430138591-1.0-m-72-bp.wav,belly_pain,donateacry,train,7.000,8000,42,donateacry_public_corpus,643D64AD-B711-469A-AF69-55C0D5D3E30F,m,72,0
data/raw/donateacry-corpus/donateacry_corpus_cleaned_and_updated_data/belly_pain/69BDA5D6-0276-4462-9BF7-951799563728-1436936185-1.1-m-26-bp.wav,belly_pain,donateacry,train,7.000,8000,42,donateacry_public_corpus,69BDA5D6-0276-4462-9BF7-951799563728,m,26,0
data/raw/donateacry-corpus/donateacry_corpus_cleaned_and_updated_data/belly_pain/643D64AD-B711-469A-AF69-55C0D5D3E30F-1430138536-1.0-m-72-bp.wav,belly_pain,donateacry,train,7.000,8000,42,donateacry_public_corpus,643D64AD-B711-469A-AF69-55C0D5D3E30F,m,72,0
data/raw/donateacry-corpus/donateacry_corpus_cleaned_and_updated_data/belly_pain/643D64AD-B711-469A-AF69-55C0D5D3E30F-1430138545-1.0-m-72-bp.wav,belly_pain,donateacry,train,7.000,8000,42,donateacry_public_corpus,643D64AD-B711-469A-AF69-55C0D5D3E30F,m,72,0
data/raw/donateacry-corpus/donateacry_corpus_cleaned_and_updated_data/belly_pain/d6cda191-4962-4308-9a36-46d5648a95ed-1431159272600-1.7-m-04-bp.wav,belly_pain,donateacry,train,6.840,8000,42,donateacry_public_corpus,d6cda191-4962-4308-9a36-46d5648a95ed,m,04,0
data/raw/donateacry-corpus/donateacry_corpus_cleaned_and_updated_data/belly_pain/999bf14b-e417-4b44-b746-9253f81efe38-1430974001343-1.7-m-26-bp.wav,belly_pain,donateacry,train,6.900,8000,42,donateacry_public_corpus,999bf14b-e417-4b44-b746-9253f81efe38,m,26,0
data/raw/donateacry-corpus/donateacry_corpus_cleaned_and_updated_data/belly_pain/ae5f103b-5fee-442f-bb1b-d9d0570c46ab-1431533857965-1.7-m-26-bp.wav,belly_pain,donateacry,train,6.960,8000,42,donateacry_public_corpus,ae5f103b-5fee-442f-bb1b-d9d0570c46ab,m,26,0
data/raw/donateacry-corpus/donateacry_corpus_cleaned_and_updated_data/belly_pain/643D64AD-B711-469A-AF69-55C0D5D3E30F-1430138647-1.0-m-72-bp.wav,belly_pain,donateacry,train,7.000,8000,42,donateacry_public_corpus,643D64AD-B711-469A-AF69-55C0D5D3E30F,m,72,0
data/raw/donateacry-corpus/donateacry_corpus_cleaned_and_updated_data/belly_pain/643D64AD-B711-469A-AF69-55C0D5D3E30F-1430138495-1.0-m-72-bp.wav,belly_pain,donateacry,train,7.000,8000,42,donateacry_public_corpus,643D64AD-B711-469A-AF69-55C0D5D3E30F,m,72,0
data/raw/donateacry-corpus/donateacry_corpus_cleaned_and_updated_data/belly_pain/643D64AD-B711-469A-AF69-55C0D5D3E30F-1430138506-1.0-m-72-bp.wav,belly_pain,donateacry,train,7.000,8000,42,donateacry_public_corpus,643D64AD-B711-469A-AF69-55C0D5D3E30F,m,72,0
data/raw/donateacry-corpus/donateacry_corpus_cleaned_and_updated_data/belly_pain/d6cda191-4962-4308-9a36-46d5648a95ed-1431159262344-1.7-m-04-bp.wav,belly_pain,donateacry,train,6.820,8000,42,donateacry_public_corpus,d6cda191-4962-4308-9a36-46d5648a95ed,m,04,0
data/raw/donateacry-corpus/donateacry_corpus_cleaned_and_updated_data/burping/AEA8AE04-D00E-48A7-8A0B-6D87E2175121-1430563241-1.0-f-72-bu.wav,burping,donateacry,train,7.000,8000,42,donateacry_public_corpus,AEA8AE04-D00E-48A7-8A0B-6D87E2175121,f,72,0
data/raw/donateacry-corpus/donateacry_corpus_cleaned_and_updated_data/burping/af30880e-5f98-4dc0-b37a-be6b21fa0ba3-1431240072536-1.7-m-26-bu.wav,burping,donateacry,train,6.540,8000,42,donateacry_public_corpus,af30880e-5f98-4dc0-b37a-be6b21fa0ba3,m,26,0
data/raw/donateacry-corpus/donateacry_corpus_cleaned_and_updated_data/burping/7A864194-4B6B-4850-ABBF-0C2A8170107B-1436846915-1.1-f-26-bu.wav,burping,donateacry,train,7.000,8000,42,donateacry_public_corpus,7A864194-4B6B-4850-ABBF-0C2A8170107B,f,26,0
data/raw/donateacry-corpus/donateacry_corpus_cleaned_and_updated_data/burping/79FF400A-97E2-4701-987D-C7C850D5523C-1430089648-1.0-f-48-bu.wav,burping,donateacry,train,7.000,8000,42,donateacry_public_corpus,79FF400A-97E2-4701-987D-C7C850D5523C,f,48,0
data/raw/donateacry-corpus/donateacry_corpus_cleaned_and_updated_data/burping/5afc6a14-a9d8-45f8-b31d-c79dd87cc8c6-1430757039803-1.7-m-48-bu.wav,burping,donateacry,train,6.660,8000,42,donateacry_public_corpus,5afc6a14-a9d8-45f8-b31d-c79dd87cc8c6,m,48,0
data/raw/donateacry-corpus/donateacry_corpus_cleaned_and_updated_data/burping/F24DE44B-762C-4149-AC92-96A5E57ED118-1430816949-1.0-m-04-bu.wav,burping,donateacry,train,7.000,8000,42,donateacry_public_corpus,F24DE44B-762C-4149-AC92-96A5E57ED118,m,04,0
data/raw/donateacry-corpus/donateacry_corpus_cleaned_and_updated_data/discomfort/1309B82C-F146-46F0-A723-45345AFA6EA8-1430703937-1.0-f-48-dc.wav,discomfort,donateacry,train,7.000,8000,42,donateacry_public_corpus,1309B82C-F146-46F0-A723-45345AFA6EA8,f,48,0
data/raw/donateacry-corpus/donateacry_corpus_cleaned_and_updated_data/discomfort/7b0e160e-0505-459e-8ecb-304d7afae9d2-1437486974312-1.7-m-04-dc.wav,discomfort,donateacry,train,6.900,8000,42,donateacry_public_corpus,7b0e160e-0505-459e-8ecb-304d7afae9d2,m,04,0
data/raw/donateacry-corpus/donateacry_corpus_cleaned_and_updated_data/discomfort/79FF400A-97E2-4701-987D-C7C850D5523C-1430089688-1.0-f-48-dc.wav,discomfort,donateacry,train,7.000,8000,42,donateacry_public_corpus,79FF400A-97E2-4701-987D-C7C850D5523C,f,48,0
data/raw/donateacry-corpus/donateacry_corpus_cleaned_and_updated_data/discomfort/f5b29377-7cd6-4688-942c-5a07add39dc5-1437480263225-1.7-f-26-dc.wav,discomfort,donateacry,train,7.060,8000,42,donateacry_public_corpus,f5b29377-7cd6-4688-942c-5a07add39dc5,f,26,0
data/raw/donateacry-corpus/donateacry_corpus_cleaned_and_updated_data/discomfort/d6cda191-4962-4308-9a36-46d5648a95ed-1431161889263-1.7-m-04-dc.wav,discomfort,donateacry,train,6.840,8000,42,donateacry_public_corpus,d6cda191-4962-4308-9a36-46d5648a95ed,m,04,0
data/raw/donateacry-corpus/donateacry_corpus_cleaned_and_updated_data/discomfort/1309B82C-F146-46F0-A723-45345AFA6EA8-1430704008-1.0-f-48-dc.wav,discomfort,donateacry,train,7.000,8000,42,donateacry_public_corpus,1309B82C-F146-46F0-A723-45345AFA6EA8,f,48,0
data/raw/donateacry-corpus/donateacry_corpus_cleaned_and_updated_data/discomfort/665BDF6D-2897-49F9-8AD0-978B3B2A0468-1430530218-1.0-m-26-dc.wav,discomfort,donateacry,train,7.000,8000,42,donateacry_public_corpus,665BDF6D-2897-49F9-8AD0-978B3B2A0468,m,26,0
data/raw/donateacry-corpus/donateacry_corpus_cleaned_and_updated_data/discomfort/d6cda191-4962-4308-9a36-46d5648a95ed-1426942891562-1.4-f-48-dc.wav,discomfort,donateacry,train,6.820,8000,42,donateacry_public_corpus,d6cda191-4962-4308-9a36-46d5648a95ed,f,48,0
data/raw/donateacry-corpus/donateacry_corpus_cleaned_and_updated_data/discomfort/999bf14b-e417-4b44-b746-9253f81efe38-1430845018393-1.7-m-26-ch.wav,discomfort,donateacry,train,6.900,8000,42,donateacry_public_corpus,999bf14b-e417-4b44-b746-9253f81efe38,m,26,0
data/raw/donateacry-corpus/donateacry_corpus_cleaned_and_updated_data/discomfort/999bf14b-e417-4b44-b746-9253f81efe38-1430844979531-1.7-m-04-ch.wav,discomfort,donateacry,train,6.900,8000,42,donateacry_public_corpus,999bf14b-e417-4b44-b746-9253f81efe38,m,04,0
data/raw/donateacry-corpus/donateacry_corpus_cleaned_and_updated_data/discomfort/ae5a462b-5424-4b5b-82d5-07ccb61654ab-1431064345173-1.7-f-48-dc.wav,discomfort,donateacry,train,6.900,8000,42,donateacry_public_corpus,ae5a462b-5424-4b5b-82d5-07ccb61654ab,f,48,0
data/raw/donateacry-corpus/donateacry_corpus_cleaned_and_updated_data/discomfort/a40b9b8d-e4bc-457a-badf-f38bdbc0c358-1430016981469-1.7-m-26-dc.wav,discomfort,donateacry,train,6.960,8000,42,donateacry_public_corpus,a40b9b8d-e4bc-457a-badf-f38bdbc0c358,m,26,0
data/raw/donateacry-corpus/donateacry_corpus_cleaned_and_updated_data/discomfort/999bf14b-e417-4b44-b746-9253f81efe38-1430844994519-1.7-m-04-ch.wav,discomfort,donateacry,train,6.900,8000,42,donateacry_public_corpus,999bf14b-e417-4b44-b746-9253f81efe38,m,04,0
data/raw/donateacry-corpus/donateacry_corpus_cleaned_and_updated_data/discomfort/f258a8e2-92cd-4843-9da4-80ed26ec8e10-1436944996156-1.7-f-26-ch.wav,discomfort,donateacry,train,6.660,8000,42,donateacry_public_corpus,f258a8e2-92cd-4843-9da4-80ed26ec8e10,f,26,0
data/raw/donateacry-corpus/donateacry_corpus_cleaned_and_updated_data/discomfort/11417AC2-DCC9-48CD-8177-CA8665E51B2F-1436881512-1.1-m-48-dc.wav,discomfort,donateacry,train,7.000,8000,42,donateacry_public_corpus,11417AC2-DCC9-48CD-8177-CA8665E51B2F,m,48,0
data/raw/donateacry-corpus/donateacry_corpus_cleaned_and_updated_data/discomfort/D1CB71F9-EF76-49B3-A703-41D557444D21-1436863419-1.1-f-26-dc.wav,discomfort,donateacry,train,7.000,8000,42,donateacry_public_corpus,D1CB71F9-EF76-49B3-A703-41D557444D21,f,26,0
data/raw/donateacry-corpus/donateacry_corpus_cleaned_and_updated_data/discomfort/2294E2B2-8E36-4DA6-A898-B947CB9446AB-1436462707-1.1-m-26-dc.wav,discomfort,donateacry,train,7.000,8000,42,donateacry_public_corpus,2294E2B2-8E36-4DA6-A898-B947CB9446AB,m,26,0
data/raw/donateacry-corpus/donateacry_corpus_cleaned_and_updated_data/discomfort/1309B82C-F146-46F0-A723-45345AFA6EA8-1432801693-1.1-f-26-dc.wav,discomfort,donateacry,train,7.000,8000,42,donateacry_public_corpus,1309B82C-F146-46F0-A723-45345AFA6EA8,f,26,0
data/raw/donateacry-corpus/donateacry_corpus_cleaned_and_updated_data/discomfort/d6cda191-4962-4308-9a36-46d5648a95ed-1431086262776-1.7-m-04-ch.wav,discomfort,donateacry,train,6.840,8000,42,donateacry_public_corpus,d6cda191-4962-4308-9a36-46d5648a95ed,m,04,0
data/raw/donateacry-corpus/donateacry_corpus_cleaned_and_updated_data/hungry/815af07e-4c31-4032-8bd1-dab6e60c879e-1433156413683-1.7-m-04-hu.wav,hungry,donateacry,train,6.940,8000,42,donateacry_public_corpus,815af07e-4c31-4032-8bd1-dab6e60c879e,m,04,0
data/raw/donateacry-corpus/donateacry_corpus_cleaned_and_updated_data/hungry/2ad6d558-32f2-4bfd-99c5-cbd31ee3bb11-1430064396119-1.7-m-72-hu.wav,hungry,donateacry,train,6.720,8000,42,donateacry_public_corpus,2ad6d558-32f2-4bfd-99c5-cbd31ee3bb11,m,72,0
data/raw/donateacry-corpus/donateacry_corpus_cleaned_and_updated_data/hungry/cda99fcf-d010-47b4-8987-f54be313ddbd-1429973787766-1.7-f-26-hu.wav,hungry,donateacry,train,6.940,8000,42,donateacry_public_corpus,cda99fcf-d010-47b4-8987-f54be313ddbd,f,26,0
data/raw/donateacry-corpus/donateacry_corpus_cleaned_and_updated_data/hungry/2e25d0a5-0b2b-44ef-8491-e445b16ea75c-1430056332640-1.7-f-26-hu.wav,hungry,donateacry,train,6.660,8000,42,donateacry_public_corpus,2e25d0a5-0b2b-44ef-8491-e445b16ea75c,f,26,0
data/raw/donateacry-corpus/donateacry_corpus_cleaned_and_updated_data/hungry/5728DDD6-149B-412F-A14B-C29B9B5E415F-1432635047-1.0-m-26-hu.wav,hungry,donateacry,train,7.000,8000,42,donateacry_public_corpus,5728DDD6-149B-412F-A14B-C29B9B5E415F,m,26,0
data/raw/donateacry-corpus/donateacry_corpus_cleaned_and_updated_data/hungry/7b0e160e-0505-459e-8ecb-304d7afae9d2-1437486941311-1.7-m-04-hu.wav,hungry,donateacry,train,6.900,8000,42,donateacry_public_corpus,7b0e160e-0505-459e-8ecb-304d7afae9d2,m,04,0
data/raw/donateacry-corpus/donateacry_corpus_cleaned_and_updated_data/hungry/D1CB71F9-EF76-49B3-A703-41D557444D21-1436863375-1.1-m-04-hu.wav,hungry,donateacry,train,7.000,8000,42,donateacry_public_corpus,D1CB71F9-EF76-49B3-A703-41D557444D21,m,04,0
data/raw/donateacry-corpus/donateacry_corpus_cleaned_and_updated_data/hungry/189b78c6-9e78-43f2-bcb8-6cc8a462f4dc-1430807938301-1.7-m-22-hu.wav,hungry,donateacry,train,6.860,8000,42,donateacry_public_corpus,189b78c6-9e78-43f2-bcb8-6cc8a462f4dc,m,22,0
data/raw/donateacry-corpus/donateacry_corpus_cleaned_and_updated_data/hungry/719bb382-a592-46b7-82d2-8b4a625263b7-1430376562788-1.7-m-48-hu.wav,hungry,donateacry,train,6.880,8000,42,donateacry_public_corpus,719bb382-a592-46b7-82d2-8b4a625263b7,m,48,0
data/raw/donateacry-corpus/donateacry_corpus_cleaned_and_updated_data/hungry/9fe37482-6a64-401d-b8b9-3e47d6ed9ac0-1430047362195-1.7-f-26-hu.wav,hungry,donateacry,train,6.920,8000,42,donateacry_public_corpus,9fe37482-6a64-401d-b8b9-3e47d6ed9ac0,f,26,0
data/raw/donateacry-corpus/donateacry_corpus_cleaned_and_updated_data/hungry/c10e2b0f-0cb8-4485-b82f-d453edf97db7-1430739179429-1.7-f-26-hu.wav,hungry,donateacry,train,6.880,8000,42,donateacry_public_corpus,c10e2b0f-0cb8-4485-b82f-d453edf97db7,f,26,0
data/raw/donateacry-corpus/donateacry_corpus_cleaned_and_updated_data/hungry/218e6fd7-f9c5-4490-afd7-c4fba174e7d2-1430209174300-1.7-m-72-hu.wav,hungry,donateacry,train,7.040,8000,42,donateacry_public_corpus,218e6fd7-f9c5-4490-afd7-c4fba174e7d2,m,72,0
data/raw/donateacry-corpus/donateacry_corpus_cleaned_and_updated_data/hungry/DCB33551-F9BA-4B4A-8DA1-A3107E1AD859-1430406483-1.0-m-04-hu.wav,hungry,donateacry,train,7.000,8000,42,donateacry_public_corpus,DCB33551-F9BA-4B4A-8DA1-A3107E1AD859,m,04,0
data/raw/donateacry-corpus/donateacry_corpus_cleaned_and_updated_data/hungry/DCB33551-F9BA-4B4A-8DA1-A3107E1AD859-1430406495-1.0-m-04-hu.wav,hungry,donateacry,train,7.000,8000,42,donateacry_public_corpus,DCB33551-F9BA-4B4A-8DA1-A3107E1AD859,m,04,0
data/raw/donateacry-corpus/donateacry_corpus_cleaned_and_updated_data/hungry/A123AD65-38D3-4A65-AB37-330034765840-1430093687-1.0-m-04-hu.wav,hungry,donateacry,train,7.000,8000,42,donateacry_public_corpus,A123AD65-38D3-4A65-AB37-330034765840,m,04,0
data/raw/donateacry-corpus/donateacry_corpus_cleaned_and_updated_data/hungry/9CFD61B9-BF13-406D-8B2F-F73CFAAF25CB-1430927704-1.0-f-04-hu.wav,hungry,donateacry,train,7.000,8000,42,donateacry_public_corpus,9CFD61B9-BF13-406D-8B2F-F73CFAAF25CB,f,04,0
data/raw/donateacry-corpus/donateacry_corpus_cleaned_and_updated_data/hungry/cde108d0-62c3-47f8-82c4-233c9fba5cdd-1436884406827-1.7-m-48-hu.wav,hungry,donateacry,train,6.920,8000,42,donateacry_public_corpus,cde108d0-62c3-47f8-82c4-233c9fba5cdd,m,48,0
data/raw/donateacry-corpus/donateacry_corpus_cleaned_and_updated_data/hungry/990DE219-FCD1-4634-91CE-19AB93E5D2B0-1430214575-1.0-m-04-hu.wav,hungry,donateacry,train,7.000,8000,42,donateacry_public_corpus,990DE219-FCD1-4634-91CE-19AB93E5D2B0,m,04,0
data/raw/donateacry-corpus/donateacry_corpus_cleaned_and_updated_data/hungry/EC2E1160-BC33-450A-A62D-DE2A4C0D42BB-1430039051-1.0-f-48-hu.wav,hungry,donateacry,train,7.000,8000,42,donateacry_public_corpus,EC2E1160-BC33-450A-A62D-DE2A4C0D42BB,f,48,0
data/raw/donateacry-corpus/donateacry_corpus_cleaned_and_updated_data/hungry/090C15A8-5406-4EA5-97A3-81F6527227C0-1430147533-1.0-m-72-hu.wav,hungry,donateacry,train,7.000,8000,42,donateacry_public_corpus,090C15A8-5406-4EA5-97A3-81F6527227C0,m,72,0
data/raw/donateacry-corpus/donateacry_corpus_cleaned_and_updated_data/hungry/AE02C934-F4E5-4C73-818D-56AA6887EC18-1430279454-1.0-m-26-hu.wav,hungry,donateacry,train,7.000,8000,42,donateacry_public_corpus,AE02C934-F4E5-4C73-818D-56AA6887EC18,m,26,0
data/raw/donateacry-corpus/donateacry_corpus_cleaned_and_updated_data/hungry/743E7CCA-D32B-40B6-9541-9808122D3F6B-1436860011-1.1-f-26-hu.wav,hungry,donateacry,train,7.000,8000,42,donateacry_public_corpus,743E7CCA-D32B-40B6-9541-9808122D3F6B,f,26,0
data/raw/donateacry-corpus/donateacry_corpus_cleaned_and_updated_data/hungry/045C5483-69E1-4BEC-B1D8-9286D174B9B2-1430102996-1.0-m-04-hu.wav,hungry,donateacry,train,7.000,8000,42,donateacry_public_corpus,045C5483-69E1-4BEC-B1D8-9286D174B9B2,m,04,0
data/raw/donateacry-corpus/donateacry_corpus_cleaned_and_updated_data/hungry/D18A30C6-4370-4BE0-83F8-031892F96603-1432989796-1.1-f-04-hu.wav,hungry,donateacry,train,7.000,8000,42,donateacry_public_corpus,D18A30C6-4370-4BE0-83F8-031892F96603,f,04,0
data/raw/donateacry-corpus/donateacry_corpus_cleaned_and_updated_data/hungry/1b381a1e-88a6-4a48-b889-a5ccdf0aacaf-1430299568333-1.7-f-72-hu.wav,hungry,donateacry,train,6.900,8000,42,donateacry_public_corpus,1b381a1e-88a6-4a48-b889-a5ccdf0aacaf,f,72,0
data/raw/donateacry-corpus/donateacry_corpus_cleaned_and_updated_data/hungry/6639C63C-F634-489C-91B3-E3DB5930EFD5-1431370278-1.1-m-04-hu.wav,hungry,donateacry,train,7.000,8000,42,donateacry_public_corpus,6639C63C-F634-489C-91B3-E3DB5930EFD5,m,04,0
data/raw/donateacry-corpus/donateacry_corpus_cleaned_and_updated_data/hungry/d79affbc-f7b4-4ef0-ae57-be5da4b827bf-1430761528998-1.7-m-72-hu.wav,hungry,donateacry,train,6.940,8000,42,donateacry_public_corpus,d79affbc-f7b4-4ef0-ae57-be5da4b827bf,m,72,0
data/raw/donateacry-corpus/donateacry_corpus_cleaned_and_updated_data/hungry/ed31b187-34af-4ff1-979c-3b8a5905fb7b-1430044808480-1.7-m-04-hu.wav,hungry,donateacry,train,6.640,8000,42,donateacry_public_corpus,ed31b187-34af-4ff1-979c-3b8a5905fb7b,m,04,0
data/raw/donateacry-corpus/donateacry_corpus_cleaned_and_updated_data/hungry/7B924575-21FC-462A-969E-BABB46D1CBF5-1430055220-1.0-f-72-hu.wav,hungry,donateacry,train,7.000,8000,42,donateacry_public_corpus,7B924575-21FC-462A-969E-BABB46D1CBF5,f,72,0
data/raw/donateacry-corpus/donateacry_corpus_cleaned_and_updated_data/hungry/10A40438-09AA-4A21-83B4-8119F03F7A11-1430848070-1.0-f-26-hu.wav,hungry,donateacry,train,7.000,8000,42,donateacry_public_corpus,10A40438-09AA-4A21-83B4-8119F03F7A11,f,26,0
data/raw/donateacry-corpus/donateacry_corpus_cleaned_and_updated_data/hungry/f896b69d-6241-4b51-9c45-0d628bc827c1-1430090400166-1.7-m-72-hu.wav,hungry,donateacry,train,6.900,8000,42,donateacry_public_corpus,f896b69d-6241-4b51-9c45-0d628bc827c1,m,72,0
data/raw/donateacry-corpus/donateacry_corpus_cleaned_and_updated_data/hungry/ed31b187-34af-4ff1-979c-3b8a5905fb7b-1430044897699-1.7-f-48-hu.wav,hungry,donateacry,train,6.640,8000,42,donateacry_public_corpus,ed31b187-34af-4ff1-979c-3b8a5905fb7b,f,48,0
data/raw/donateacry-corpus/donateacry_corpus_cleaned_and_updated_data/hungry/4D43D6CD-C084-4081-ABF3-8B25951B2D75-1430146631-1.0-m-04-hu.wav,hungry,donateacry,train,7.000,8000,42,donateacry_public_corpus,4D43D6CD-C084-4081-ABF3-8B25951B2D75,m,04,0
data/raw/donateacry-corpus/donateacry_corpus_cleaned_and_updated_data/hungry/602b06a7-31f0-4370-b35a-9cc81d205958-1430739585531-1.7-m-04-hu.wav,hungry,donateacry,train,6.920,8000,42,donateacry_public_corpus,602b06a7-31f0-4370-b35a-9cc81d205958,m,04,0
data/raw/donateacry-corpus/donateacry_corpus_cleaned_and_updated_data/hungry/719bb382-a592-46b7-82d2-8b4a625263b7-1430376483385-1.7-m-48-hu.wav,hungry,donateacry,train,6.940,8000,42,donateacry_public_corpus,719bb382-a592-46b7-82d2-8b4a625263b7,m,48,0
data/raw/donateacry-corpus/donateacry_corpus_cleaned_and_updated_data/hungry/ca7d8d54-13cb-4060-8db4-90651b60c078-1434674769219-1.7-f-26-hu.wav,hungry,donateacry,train,6.780,8000,42,donateacry_public_corpus,ca7d8d54-13cb-4060-8db4-90651b60c078,f,26,0
data/raw/donateacry-corpus/donateacry_corpus_cleaned_and_updated_data/hungry/88da3fbd-926b-4ee7-ae8f-85f92f2783b0-1430114329442-1.7-m-04-hu.wav,hungry,donateacry,train,6.780,8000,42,donateacry_public_corpus,88da3fbd-926b-4ee7-ae8f-85f92f2783b0,m,04,0
data/raw/donateacry-corpus/donateacry_corpus_cleaned_and_updated_data/hungry/035c6b30-a145-42b9-8d0f-445cd9003d2c-1435948197257-1.7-m-04-hu.wav,hungry,donateacry,train,6.960,8000,42,donateacry_public_corpus,035c6b30-a145-42b9-8d0f-445cd9003d2c,m,04,0
data/raw/donateacry-corpus/donateacry_corpus_cleaned_and_updated_data/hungry/7A864194-4B6B-4850-ABBF-0C2A8170107B-1436846870-1.1-f-26-hu.wav,hungry,donateacry,train,7.000,8000,42,donateacry_public_corpus,7A864194-4B6B-4850-ABBF-0C2A8170107B,f,26,0
data/raw/donateacry-corpus/donateacry_corpus_cleaned_and_updated_data/hungry/F2F97740-D638-4B6F-9E09-3AC65F06B448-1436849335-1.1-f-48-hu.wav,hungry,donateacry,train,7.000,8000,42,donateacry_public_corpus,F2F97740-D638-4B6F-9E09-3AC65F06B448,f,48,0
data/raw/donateacry-corpus/donateacry_corpus_cleaned_and_updated_data/hungry/FF2CD2F6-404D-4626-8718-6E6C751F63B8-1431104346-1.0-m-04-hu.wav,hungry,donateacry,train,7.000,8000,42,donateacry_public_corpus,FF2CD2F6-404D-4626-8718-6E6C751F63B8,m,04,0
data/raw/donateacry-corpus/donateacry_corpus_cleaned_and_updated_data/hungry/4be720ce-a5e5-4a48-930f-a212f8a239f6-1434737694572-1.7-f-48-hu.wav,hungry,donateacry,train,6.780,8000,42,donateacry_public_corpus,4be720ce-a5e5-4a48-930f-a212f8a239f6,f,48,0
data/raw/donateacry-corpus/donateacry_corpus_cleaned_and_updated_data/hungry/719bb382-a592-46b7-82d2-8b4a625263b7-1430376267895-1.7-m-48-hu.wav,hungry,donateacry,train,6.860,8000,42,donateacry_public_corpus,719bb382-a592-46b7-82d2-8b4a625263b7,m,48,0
data/raw/donateacry-corpus/donateacry_corpus_cleaned_and_updated_data/hungry/789d2553-cbf2-4911-91e4-fb228d231238-1430818517787-1.7-m-26-hu.wav,hungry,donateacry,train,6.640,8000,42,donateacry_public_corpus,789d2553-cbf2-4911-91e4-fb228d231238,m,26,0
data/raw/donateacry-corpus/donateacry_corpus_cleaned_and_updated_data/hungry/46002244-7304-45DC-BF69-B6EC2BB25009-1436902364-1.1-f-48-hu.wav,hungry,donateacry,train,7.000,8000,42,donateacry_public_corpus,46002244-7304-45DC-BF69-B6EC2BB25009,f,48,0
data/raw/donateacry-corpus/donateacry_corpus_cleaned_and_updated_data/hungry/FF2CD2F6-404D-4626-8718-6E6C751F63B8-1431104360-1.0-m-04-hu.wav,hungry,donateacry,train,7.000,8000,42,donateacry_public_corpus,FF2CD2F6-404D-4626-8718-6E6C751F63B8,m,04,0
data/raw/donateacry-corpus/donateacry_corpus_cleaned_and_updated_data/hungry/86c2b87a-ae7c-46a3-b6fb-7ebe748812cf-1430036562389-1.7-m-04-hu.wav,hungry,donateacry,train,7.060,8000,42,donateacry_public_corpus,86c2b87a-ae7c-46a3-b6fb-7ebe748812cf,m,04,0
data/raw/donateacry-corpus/donateacry_corpus_cleaned_and_updated_data/hungry/3c0b4e07-33ec-4d68-a6b2-5f5dcb8cff8e-1430070829977-1.7-m-26-hu.wav,hungry,donateacry,train,7.060,8000,42,donateacry_public_corpus,3c0b4e07-33ec-4d68-a6b2-5f5dcb8cff8e,m,26,0
data/raw/donateacry-corpus/donateacry_corpus_cleaned_and_updated_data/hungry/C421C6FE-DFEE-4080-8AEA-848E7CE4756B-1430548250-1.0-f-48-hu.wav,hungry,donateacry,train,7.000,8000,42,donateacry_public_corpus,C421C6FE-DFEE-4080-8AEA-848E7CE4756B,f,48,0
data/raw/donateacry-corpus/donateacry_corpus_cleaned_and_updated_data/hungry/24f94b49-c8bc-4ed2-b43a-80b099f12936-1430534715095-1.7-m-04-hu.wav,hungry,donateacry,train,6.860,8000,42,donateacry_public_corpus,24f94b49-c8bc-4ed2-b43a-80b099f12936,m,04,0
data/raw/donateacry-corpus/donateacry_corpus_cleaned_and_updated_data/hungry/10A40438-09AA-4A21-83B4-8119F03F7A11-1430848060-1.0-f-26-hu.wav,hungry,donateacry,train,7.000,8000,42,donateacry_public_corpus,10A40438-09AA-4A21-83B4-8119F03F7A11,f,26,0
data/raw/donateacry-corpus/donateacry_corpus_cleaned_and_updated_data/hungry/22b43570-d440-475b-b2f1-e528c81081f7-1430663490095-1.7-m-04-hu.wav,hungry,donateacry,train,6.960,8000,42,donateacry_public_corpus,22b43570-d440-475b-b2f1-e528c81081f7,m,04,0
data/raw/donateacry-corpus/donateacry_corpus_cleaned_and_updated_data/hungry/40a4c760-facf-4911-b0a6-22eccc3ab18d-1430466164038-1.7-f-26-hu.wav,hungry,donateacry,train,7.060,8000,42,donateacry_public_corpus,40a4c760-facf-4911-b0a6-22eccc3ab18d,f,26,0
data/raw/donateacry-corpus/donateacry_corpus_cleaned_and_updated_data/hungry/B400D2D0-9FCE-472E-A152-1FF349B9B407-1436845915-1.1-m-04-hu.wav,hungry,donateacry,train,7.000,8000,42,donateacry_public_corpus,B400D2D0-9FCE-472E-A152-1FF349B9B407,m,04,0
data/raw/donateacry-corpus/donateacry_corpus_cleaned_and_updated_data/hungry/8c920fd0-fa9f-4926-bcac-074767dcbfcd-1436850948195-1.7-m-04-hu.wav,hungry,donateacry,train,6.660,8000,42,donateacry_public_corpus,8c920fd0-fa9f-4926-bcac-074767dcbfcd,m,04,0
data/raw/donateacry-corpus/donateacry_corpus_cleaned_and_updated_data/hungry/A123AD65-38D3-4A65-AB37-330034765840-1430093710-1.0-m-04-hu.wav,hungry,donateacry,train,7.000,8000,42,donateacry_public_corpus,A123AD65-38D3-4A65-AB37-330034765840,m,04,0
data/raw/donateacry-corpus/donateacry_corpus_cleaned_and_updated_data/hungry/3d3e244d-20b1-4ec3-9732-92dcd14ff35a-1436961241219-1.7-m-72-hu.wav,hungry,donateacry,train,6.660,8000,42,donateacry_public_corpus,3d3e244d-20b1-4ec3-9732-92dcd14ff35a,m,72,0
data/raw/donateacry-corpus/donateacry_corpus_cleaned_and_updated_data/hungry/8b1faa77-e3ac-48af-bf2a-58aadebefcba-1436798541805-1.7-m-04-hu.wav,hungry,donateacry,train,6.740,8000,42,donateacry_public_corpus,8b1faa77-e3ac-48af-bf2a-58aadebefcba,m,04,0
data/raw/donateacry-corpus/donateacry_corpus_cleaned_and_updated_data/hungry/63CA92F7-973A-4DCA-A410-7B19811A2478-1430041902-1.0-f-26-hu.wav,hungry,donateacry,train,7.000,8000,42,donateacry_public_corpus,63CA92F7-973A-4DCA-A410-7B19811A2478,f,26,0
data/raw/donateacry-corpus/donateacry_corpus_cleaned_and_updated_data/hungry/0776b33b-c41a-4a2e-8b9c-f1c184be00c8-1437123838264-1.7-f-26-hu.wav,hungry,donateacry,train,6.960,8000,42,donateacry_public_corpus,0776b33b-c41a-4a2e-8b9c-f1c184be00c8,f,26,0
data/raw/donateacry-corpus/donateacry_corpus_cleaned_and_updated_data/hungry/d1e236a0-e030-4137-9030-5625026cd098-1430477960643-1.2-m-04-hu.wav,hungry,donateacry,train,6.920,8000,42,donateacry_public_corpus,d1e236a0-e030-4137-9030-5625026cd098,m,04,0
data/raw/donateacry-corpus/donateacry_corpus_cleaned_and_updated_data/hungry/08E9485B-2772-444B-A636-77E14DD14A8C-1431493441-1.0-m-04-hu.wav,hungry,donateacry,train,7.000,8000,42,donateacry_public_corpus,08E9485B-2772-444B-A636-77E14DD14A8C,m,04,0
data/raw/donateacry-corpus/donateacry_corpus_cleaned_and_updated_data/hungry/3941D08C-5A97-48A4-8830-091D878137F6-1430099826-1.0-m-72-hu.wav,hungry,donateacry,train,7.000,8000,42,donateacry_public_corpus,3941D08C-5A97-48A4-8830-091D878137F6,m,72,0
data/raw/donateacry-corpus/donateacry_corpus_cleaned_and_updated_data/hungry/8f4dbf5a-b504-4452-b6ac-94e646a6a052-1430727792958-1.7-f-72-hu.wav,hungry,donateacry,train,6.920,8000,42,donateacry_public_corpus,8f4dbf5a-b504-4452-b6ac-94e646a6a052,f,72,0
data/raw/donateacry-corpus/donateacry_corpus_cleaned_and_updated_data/hungry/b4c460d8-bd6b-4017-9bb8-2ae4ff0c5af1-1432751065608-1.7-f-26-hu.wav,hungry,donateacry,train,6.920,8000,42,donateacry_public_corpus,b4c460d8-bd6b-4017-9bb8-2ae4ff0c5af1,f,26,0
data/raw/donateacry-corpus/donateacry_corpus_cleaned_and_updated_data/hungry/FF482278-24C9-4FB0-A7BE-FD92D1FE17B4-1430028319-1.0-m-26-hu.wav,hungry,donateacry,train,7.000,8000,42,donateacry_public_corpus,FF482278-24C9-4FB0-A7BE-FD92D1FE17B4,m,26,0
data/raw/donateacry-corpus/donateacry_corpus_cleaned_and_updated_data/hungry/d6cda191-4962-4308-9a36-46d5648a95ed-1431882032820-1.7-m-04-hu.wav,hungry,donateacry,train,6.820,8000,42,donateacry_public_corpus,d6cda191-4962-4308-9a36-46d5648a95ed,m,04,0
data/raw/donateacry-corpus/donateacry_corpus_cleaned_and_updated_data/hungry/64acb345-a61e-4ef3-a5a6-cf83c04b83f1-1430058973897-1.7-m-72-hu.wav,hungry,donateacry,train,6.620,8000,42,donateacry_public_corpus,64acb345-a61e-4ef3-a5a6-cf83c04b83f1,m,72,0
data/raw/donateacry-corpus/donateacry_corpus_cleaned_and_updated_data/hungry/89964233-cbdb-4f34-a819-5f4b5ce3f5f5-1430049852345-1.7-f-04-hu.wav,hungry,donateacry,train,6.920,8000,42,donateacry_public_corpus,89964233-cbdb-4f34-a819-5f4b5ce3f5f5,f,04,0
data/raw/donateacry-corpus/donateacry_corpus_cleaned_and_updated_data/hungry/323cab80-2551-4a46-8c3d-62c7a5264afa-1430382588301-1.7-m-22-hu.wav,hungry,donateacry,train,6.900,8000,42,donateacry_public_corpus,323cab80-2551-4a46-8c3d-62c7a5264afa,m,22,0
data/raw/donateacry-corpus/donateacry_corpus_cleaned_and_updated_data/hungry/8f4dbf5a-b504-4452-b6ac-94e646a6a052-1430735157938-1.7-f-72-hu.wav,hungry,donateacry,train,6.920,8000,42,donateacry_public_corpus,8f4dbf5a-b504-4452-b6ac-94e646a6a052,f,72,0
data/raw/donateacry-corpus/donateacry_corpus_cleaned_and_updated_data/hungry/549a46d8-9c84-430e-ade8-97eae2bef787-1430130714659-1.7-m-48-hu.wav,hungry,donateacry,train,6.860,8000,42,donateacry_public_corpus,549a46d8-9c84-430e-ade8-97eae2bef787,m,48,0
data/raw/donateacry-corpus/donateacry_corpus_cleaned_and_updated_data/hungry/d6cda191-4962-4308-9a36-46d5648a95ed-1428333797380-1.5-f-26-hu.wav,hungry,donateacry,train,6.820,8000,42,donateacry_public_corpus,d6cda191-4962-4308-9a36-46d5648a95ed,f,26,0
data/raw/donateacry-corpus/donateacry_corpus_cleaned_and_updated_data/hungry/2439388A-9CF2-4D3B-9534-E6951FC9EAD4-1436877944-1.1-m-26-hu.wav,hungry,donateacry,train,7.000,8000,42,donateacry_public_corpus,2439388A-9CF2-4D3B-9534-E6951FC9EAD4,m,26,0
data/raw/donateacry-corpus/donateacry_corpus_cleaned_and_updated_data/hungry/7b23d26e-6f97-4e8b-b520-a9fdde21ee91-1432261716253-1.7-m-48-hu.wav,hungry,donateacry,train,6.960,8000,42,donateacry_public_corpus,7b23d26e-6f97-4e8b-b520-a9fdde21ee91,m,48,0
data/raw/donateacry-corpus/donateacry_corpus_cleaned_and_updated_data/hungry/8c66887c-8251-49fa-903b-c02d56405f58-1436856137837-1.7-m-26-hu.wav,hungry,donateacry,train,6.940,8000,42,donateacry_public_corpus,8c66887c-8251-49fa-903b-c02d56405f58,m,26,0
data/raw/donateacry-corpus/donateacry_corpus_cleaned_and_updated_data/hungry/21c07aff-0a8d-4e74-ad5e-e3c7f7bcb11b-1430105653796-1.7-m-04-hu.wav,hungry,donateacry,train,6.880,8000,42,donateacry_public_corpus,21c07aff-0a8d-4e74-ad5e-e3c7f7bcb11b,m,04,0
data/raw/donateacry-corpus/donateacry_corpus_cleaned_and_updated_data/hungry/40a4c760-facf-4911-b0a6-22eccc3ab18d-1430466176951-1.7-f-26-hu.wav,hungry,donateacry,train,7.060,8000,42,donateacry_public_corpus,40a4c760-facf-4911-b0a6-22eccc3ab18d,f,26,0
data/raw/donateacry-corpus/donateacry_corpus_cleaned_and_updated_data/hungry/40a4c760-facf-4911-b0a6-22eccc3ab18d-1430477691332-1.7-f-26-hu.wav,hungry,donateacry,train,7.060,8000,42,donateacry_public_corpus,40a4c760-facf-4911-b0a6-22eccc3ab18d,f,26,0
data/raw/donateacry-corpus/donateacry_corpus_cleaned_and_updated_data/hungry/B456CE9D-CBD4-43E5-899B-8B8B0483F17D-1431015486-1.0-m-72-hu.wav,hungry,donateacry,train,7.000,8000,42,donateacry_public_corpus,B456CE9D-CBD4-43E5-899B-8B8B0483F17D,m,72,0
data/raw/donateacry-corpus/donateacry_corpus_cleaned_and_updated_data/hungry/7B924575-21FC-462A-969E-BABB46D1CBF5-1430055243-1.0-f-72-hu.wav,hungry,donateacry,train,7.000,8000,42,donateacry_public_corpus,7B924575-21FC-462A-969E-BABB46D1CBF5,f,72,0
data/raw/donateacry-corpus/donateacry_corpus_cleaned_and_updated_data/hungry/31e785de-b0c9-464f-88e2-bd8f1dd5cda4-1433403682898-1.7-m-04-hu.wav,hungry,donateacry,train,6.780,8000,42,donateacry_public_corpus,31e785de-b0c9-464f-88e2-bd8f1dd5cda4,m,04,0
data/raw/donateacry-corpus/donateacry_corpus_cleaned_and_updated_data/hungry/3bb2445a-9ae9-4dc8-9a2e-86c696ffa405-1430146536552-1.7-m-26-hu.wav,hungry,donateacry,train,6.860,8000,42,donateacry_public_corpus,3bb2445a-9ae9-4dc8-9a2e-86c696ffa405,m,26,0
data/raw/donateacry-corpus/donateacry_corpus_cleaned_and_updated_data/hungry/999bf14b-e417-4b44-b746-9253f81efe38-1431013068243-1.7-m-26-hu.wav,hungry,donateacry,train,6.900,8000,42,donateacry_public_corpus,999bf14b-e417-4b44-b746-9253f81efe38,m,26,0
data/raw/donateacry-corpus/donateacry_corpus_cleaned_and_updated_data/hungry/7fd72d70-07c4-40a0-85e9-c91df9bdefb2-1430994916704-1.7-f-04-hu.wav,hungry,donateacry,train,7.060,8000,42,donateacry_public_corpus,7fd72d70-07c4-40a0-85e9-c91df9bdefb2,f,04,0
data/raw/donateacry-corpus/donateacry_corpus_cleaned_and_updated_data/hungry/52dfc27a-fbc4-4d9f-bbcf-6406c919324a-1430041644396-1.7-m-26-hu.wav,hungry,donateacry,train,6.900,8000,42,donateacry_public_corpus,52dfc27a-fbc4-4d9f-bbcf-6406c919324a,m,26,0
data/raw/donateacry-corpus/donateacry_corpus_cleaned_and_updated_data/hungry/8057932d-a6af-4d63-903b-37049686e176-1430919675907-1.7-f-72-hu.wav,hungry,donateacry,train,6.960,8000,42,donateacry_public_corpus,8057932d-a6af-4d63-903b-37049686e176,f,72,0
data/raw/donateacry-corpus/donateacry_corpus_cleaned_and_updated_data/hungry/8f4dbf5a-b504-4452-b6ac-94e646a6a052-1430735057816-1.7-f-72-hu.wav,hungry,donateacry,train,6.920,8000,42,donateacry_public_corpus,8f4dbf5a-b504-4452-b6ac-94e646a6a052,f,72,0
data/raw/donateacry-corpus/donateacry_corpus_cleaned_and_updated_data/hungry/D54D9C2A-56ED-4338-9D1F-2ADB4E081DAD-1430036283-1.0-m-48-hu.wav,hungry,donateacry,train,7.000,8000,42,donateacry_public_corpus,D54D9C2A-56ED-4338-9D1F-2ADB4E081DAD,m,48,0
data/raw/donateacry-corpus/donateacry_corpus_cleaned_and_updated_data/hungry/efd13da0-d40e-48bc-b14e-dee28af4d3c6-1430728179252-1.7-m-22-hu.wav,hungry,donateacry,train,6.900,8000,42,donateacry_public_corpus,efd13da0-d40e-48bc-b14e-dee28af4d3c6,m,22,0
data/raw/donateacry-corpus/donateacry_corpus_cleaned_and_updated_data/hungry/8f4dbf5a-b504-4452-b6ac-94e646a6a052-1430727806162-1.7-f-72-hu.wav,hungry,donateacry,train,6.920,8000,42,donateacry_public_corpus,8f4dbf5a-b504-4452-b6ac-94e646a6a052,f,72,0
data/raw/donateacry-corpus/donateacry_corpus_cleaned_and_updated_data/hungry/1f40790f-68f2-4e7e-845e-715bd97c82d0-1429979568422-1.7-m-04-hu.wav,hungry,donateacry,train,6.860,8000,42,donateacry_public_corpus,1f40790f-68f2-4e7e-845e-715bd97c82d0,m,04,0
data/raw/donateacry-corpus/donateacry_corpus_cleaned_and_updated_data/hungry/F6C6D3EE-F139-48A4-9EAC-0A50EB011CDC-1430103974-1.0-m-04-hu.wav,hungry,donateacry,train,7.000,8000,42,donateacry_public_corpus,F6C6D3EE-F139-48A4-9EAC-0A50EB011CDC,m,04,0
data/raw/donateacry-corpus/donateacry_corpus_cleaned_and_updated_data/hungry/40a4c760-facf-4911-b0a6-22eccc3ab18d-1430477780076-1.7-f-26-hu.wav,hungry,donateacry,train,7.040,8000,42,donateacry_public_corpus,40a4c760-facf-4911-b0a6-22eccc3ab18d,f,26,0
data/raw/donateacry-corpus/donateacry_corpus_cleaned_and_updated_data/hungry/96986c8b-9988-4c37-a0f8-e7c4269cc3ac-1431719845836-1.7-m-26-hu.wav,hungry,donateacry,train,6.720,8000,42,donateacry_public_corpus,96986c8b-9988-4c37-a0f8-e7c4269cc3ac,m,26,0
data/raw/donateacry-corpus/donateacry_corpus_cleaned_and_updated_data/hungry/24f2a4e1-7161-42a3-a2a2-a29a2422c0b8-1430814741368-1.7-f-26-hu.wav,hungry,donateacry,train,6.920,8000,42,donateacry_public_corpus,24f2a4e1-7161-42a3-a2a2-a29a2422c0b8,f,26,0
data/raw/donateacry-corpus/donateacry_corpus_cleaned_and_updated_data/hungry/69374818-7b73-48ac-8200-e6a225e293fb-1430746080630-1.7-m-04-hu.wav,hungry,donateacry,train,6.720,8000,42,donateacry_public_corpus,69374818-7b73-48ac-8200-e6a225e293fb,m,04,0
data/raw/donateacry-corpus/donateacry_corpus_cleaned_and_updated_data/hungry/7e3de9b8-2be5-473f-b8c3-c2657f1317bb-1430006339251-1.7-f-04-hu.wav,hungry,donateacry,train,6.680,8000,42,donateacry_public_corpus,7e3de9b8-2be5-473f-b8c3-c2657f1317bb,f,04,0
data/raw/donateacry-corpus/donateacry_corpus_cleaned_and_updated_data/hungry/7E4B9C14-F955-4BED-9B03-7F3096A6CBFF-1430232157-1.0-f-26-hu.wav,hungry,donateacry,train,7.000,8000,42,donateacry_public_corpus,7E4B9C14-F955-4BED-9B03-7F3096A6CBFF,f,26,0
data/raw/donateacry-corpus/donateacry_corpus_cleaned_and_updated_data/hungry/fa8620d3-e7db-4101-aff0-28dbf0d96a5f-1434465485354-1.7-f-04-hu.wav,hungry,donateacry,train,6.760,8000,42,donateacry_public_corpus,fa8620d3-e7db-4101-aff0-28dbf0d96a5f,f,04,0
data/raw/donateacry-corpus/donateacry_corpus_cleaned_and_updated_data/hungry/3bb2445a-9ae9-4dc8-9a2e-86c696ffa405-1430124221551-1.7-m-26-hu.wav,hungry,donateacry,train,6.920,8000,42,donateacry_public_corpus,3bb2445a-9ae9-4dc8-9a2e-86c696ffa405,m,26,0
data/raw/donateacry-corpus/donateacry_corpus_cleaned_and_updated_data/hungry/1259bcad-2308-46fa-9a36-b5d8f359886a-1430143617162-1.7-m-04-hu.wav,hungry,donateacry,train,6.860,8000,42,donateacry_public_corpus,1259bcad-2308-46fa-9a36-b5d8f359886a,m,04,0
data/raw/donateacry-corpus/donateacry_corpus_cleaned_and_updated_data/hungry/8C13A1F9-62CC-46AA-9192-BECE5CDD5CB0-1430249362-1.0-f-72-hu.wav,hungry,donateacry,train,7.000,8000,42,donateacry_public_corpus,8C13A1F9-62CC-46AA-9192-BECE5CDD5CB0,f,72,0
data/raw/donateacry-corpus/donateacry_corpus_cleaned_and_updated_data/hungry/5728DDD6-149B-412F-A14B-C29B9B5E415F-1432635035-1.0-m-26-hu.wav,hungry,donateacry,train,7.000,8000,42,donateacry_public_corpus,5728DDD6-149B-412F-A14B-C29B9B5E415F,m,26,0
data/raw/donateacry-corpus/donateacry_corpus_cleaned_and_updated_data/hungry/3030d0e9-0c9b-4616-9b83-f10dc2dedbfd-1430326171876-1.7-m-26-hu.wav,hungry,donateacry,train,6.760,8000,42,donateacry_public_corpus,3030d0e9-0c9b-4616-9b83-f10dc2dedbfd,m,26,0
data/raw/donateacry-corpus/donateacry_corpus_cleaned_and_updated_data/hungry/F3BAEDDA-CDC0-4A65-90EE-5C372CEE4F3B-1437012059-1.1-m-26-hu.wav,hungry,donateacry,train,7.000,8000,42,donateacry_public_corpus,F3BAEDDA-CDC0-4A65-90EE-5C372CEE4F3B,m,26,0
data/raw/donateacry-corpus/donateacry_corpus_cleaned_and_updated_data/hungry/64acb345-a61e-4ef3-a5a6-cf83c04b83f1-1430045478300-1.7-m-72-hu.wav,hungry,donateacry,train,6.660,8000,42,donateacry_public_corpus,64acb345-a61e-4ef3-a5a6-cf83c04b83f1,m,72,0
data/raw/donateacry-corpus/donateacry_corpus_cleaned_and_updated_data/hungry/8c920fd0-fa9f-4926-bcac-074767dcbfcd-1436856363348-1.7-f-04-hu.wav,hungry,donateacry,train,6.680,8000,42,donateacry_public_corpus,8c920fd0-fa9f-4926-bcac-074767dcbfcd,f,04,0
data/raw/donateacry-corpus/donateacry_corpus_cleaned_and_updated_data/hungry/2562ad82-485a-44c2-ad25-f70fce71480b-1430045593479-1.7-m-72-hu.wav,hungry,donateacry,train,6.980,8000,42,donateacry_public_corpus,2562ad82-485a-44c2-ad25-f70fce71480b,m,72,0
data/raw/donateacry-corpus/donateacry_corpus_cleaned_and_updated_data/hungry/090C15A8-5406-4EA5-97A3-81F6527227C0-1430147525-1.0-m-72-hu.wav,hungry,donateacry,train,7.000,8000,42,donateacry_public_corpus,090C15A8-5406-4EA5-97A3-81F6527227C0,m,72,0
data/raw/donateacry-corpus/donateacry_corpus_cleaned_and_updated_data/hungry/9aa8bac5-eeb9-4f19-a4bf-7c439e87364b-1430745385374-1.7-m-04-hu.wav,hungry,donateacry,train,6.540,8000,42,donateacry_public_corpus,9aa8bac5-eeb9-4f19-a4bf-7c439e87364b,m,04,0
data/raw/donateacry-corpus/donateacry_corpus_cleaned_and_updated_data/hungry/92d08bbe-553f-4844-85b1-15d572f06ea2-1436873211119-1.7-m-04-hu.wav,hungry,donateacry,train,6.780,8000,42,donateacry_public_corpus,92d08bbe-553f-4844-85b1-15d572f06ea2,m,04,0
data/raw/donateacry-corpus/donateacry_corpus_cleaned_and_updated_data/hungry/6bd76f21-f279-4c46-9453-58c95e7b2475-1430767927715-1.7-m-72-hu.wav,hungry,donateacry,train,6.620,8000,42,donateacry_public_corpus,6bd76f21-f279-4c46-9453-58c95e7b2475,m,72,0
data/raw/donateacry-corpus/donateacry_corpus_cleaned_and_updated_data/hungry/376C006E-3664-4056-80D0-7661F631A062-1436930593-1.1-m-26-hu.wav,hungry,donateacry,train,7.000,8000,42,donateacry_public_corpus,376C006E-3664-4056-80D0-7661F631A062,m,26,0
data/raw/donateacry-corpus/donateacry_corpus_cleaned_and_updated_data/hungry/177dc72e-d0f8-47ef-a5a7-3b46878e11a0-1430736358754-1.7-f-26-hu.wav,hungry,donateacry,train,6.920,8000,42,donateacry_public_corpus,177dc72e-d0f8-47ef-a5a7-3b46878e11a0,f,26,0
data/raw/donateacry-corpus/donateacry_corpus_cleaned_and_updated_data/hungry/37105492-58b1-432e-a1ce-ea154425abab-1430744728397-1.7-f-26-hu.wav,hungry,donateacry,train,6.900,8000,42,donateacry_public_corpus,37105492-58b1-432e-a1ce-ea154425abab,f,26,0
data/raw/donateacry-corpus/donateacry_corpus_cleaned_and_updated_data/hungry/743E7CCA-D32B-40B6-9541-9808122D3F6B-1436860028-1.1-f-26-hu.wav,hungry,donateacry,train,7.000,8000,42,donateacry_public_corpus,743E7CCA-D32B-40B6-9541-9808122D3F6B,f,26,0
data/raw/donateacry-corpus/donateacry_corpus_cleaned_and_updated_data/hungry/B2A105BB-347B-4878-A735-AA4ECF32CD16-1436864116-1.1-m-26-hu.wav,hungry,donateacry,train,7.000,8000,42,donateacry_public_corpus,B2A105BB-347B-4878-A735-AA4ECF32CD16,m,26,0
data/raw/donateacry-corpus/donateacry_corpus_cleaned_and_updated_data/hungry/9fe37482-6a64-401d-b8b9-3e47d6ed9ac0-1430047373513-1.7-f-26-hu.wav,hungry,donateacry,train,6.920,8000,42,donateacry_public_corpus,9fe37482-6a64-401d-b8b9-3e47d6ed9ac0,f,26,0
data/raw/donateacry-corpus/donateacry_corpus_cleaned_and_updated_data/hungry/999bf14b-e417-4b44-b746-9253f81efe38-1430972705879-1.7-m-26-hu.wav,hungry,donateacry,train,6.900,8000,42,donateacry_public_corpus,999bf14b-e417-4b44-b746-9253f81efe38,m,26,0
data/raw/donateacry-corpus/donateacry_corpus_cleaned_and_updated_data/hungry/adb53808-8b13-4c08-b055-6653c75298be-1430133982281-1.7-m-72-hu.wav,hungry,donateacry,train,6.920,8000,42,donateacry_public_corpus,adb53808-8b13-4c08-b055-6653c75298be,m,72,0
data/raw/donateacry-corpus/donateacry_corpus_cleaned_and_updated_data/hungry/7CF37029-1040-40B8-ACC9-7E6E5C03AF9B-1429808939-1.0-m-72-hu.wav,hungry,donateacry,train,7.000,8000,42,donateacry_public_corpus,7CF37029-1040-40B8-ACC9-7E6E5C03AF9B,m,72,0
data/raw/donateacry-corpus/donateacry_corpus_cleaned_and_updated_data/hungry/9090c7a3-bebc-4485-aafc-64e4298da3ac-1430109146143-1.7-f-26-hu.wav,hungry,donateacry,train,7.020,8000,42,donateacry_public_corpus,9090c7a3-bebc-4485-aafc-64e4298da3ac,f,26,0
data/raw/donateacry-corpus/donateacry_corpus_cleaned_and_updated_data/hungry/3941D08C-5A97-48A4-8830-091D878137F6-1430099813-1.0-m-72-hu.wav,hungry,donateacry,train,7.000,8000,42,donateacry_public_corpus,3941D08C-5A97-48A4-8830-091D878137F6,m,72,0
data/raw/donateacry-corpus/donateacry_corpus_cleaned_and_updated_data/hungry/8c920fd0-fa9f-4926-bcac-074767dcbfcd-1436856382717-1.7-m-04-hu.wav,hungry,donateacry,train,6.660,8000,42,donateacry_public_corpus,8c920fd0-fa9f-4926-bcac-074767dcbfcd,m,04,0
data/raw/donateacry-corpus/donateacry_corpus_cleaned_and_updated_data/hungry/70d30513-0ec3-49e4-9976-e85785e85c2d-1431033405793-1.7-m-04-hu.wav,hungry,donateacry,train,6.960,8000,42,donateacry_public_corpus,70d30513-0ec3-49e4-9976-e85785e85c2d,m,04,0
data/raw/donateacry-corpus/donateacry_corpus_cleaned_and_updated_data/hungry/e37c323c-0edb-4942-be47-3cc0b2de00a1-1434392919844-1.7-f-26-hu.wav,hungry,donateacry,train,6.880,8000,42,donateacry_public_corpus,e37c323c-0edb-4942-be47-3cc0b2de00a1,f,26,0
data/raw/donateacry-corpus/donateacry_corpus_cleaned_and_updated_data/hungry/10A40438-09AA-4A21-83B4-8119F03F7A11-1430848034-1.0-f-26-hu.wav,hungry,donateacry,train,7.000,8000,42,donateacry_public_corpus,10A40438-09AA-4A21-83B4-8119F03F7A11,f,26,0
data/raw/donateacry-corpus/donateacry_corpus_cleaned_and_updated_data/hungry/5C2F730C-9721-40B7-A2D8-C257DB518978-1429966336-1.0-m-04-hu.wav,hungry,donateacry,train,7.000,8000,42,donateacry_public_corpus,5C2F730C-9721-40B7-A2D8-C257DB518978,m,04,0
data/raw/donateacry-corpus/donateacry_corpus_cleaned_and_updated_data/hungry/C421C6FE-DFEE-4080-8AEA-848E7CE4756B-1430548277-1.0-f-26-hu.wav,hungry,donateacry,train,7.000,8000,42,donateacry_public_corpus,C421C6FE-DFEE-4080-8AEA-848E7CE4756B,f,26,0
data/raw/donateacry-corpus/donateacry_corpus_cleaned_and_updated_data/hungry/F95D4BCE-2FB0-4A0C-A058-BFB0674539AF-1430055950-1.0-m-26-hu.wav,hungry,donateacry,train,7.000,8000,42,donateacry_public_corpus,F95D4BCE-2FB0-4A0C-A058-BFB0674539AF,m,26,0
data/raw/donateacry-corpus/donateacry_corpus_cleaned_and_updated_data/hungry/D1CB71F9-EF76-49B3-A703-41D557444D21-1436863366-1.1-m-04-hu.wav,hungry,donateacry,train,7.000,8000,42,donateacry_public_corpus,D1CB71F9-EF76-49B3-A703-41D557444D21,m,04,0
data/raw/donateacry-corpus/donateacry_corpus_cleaned_and_updated_data/hungry/8f4dbf5a-b504-4452-b6ac-94e646a6a052-1430734962301-1.7-f-72-hu.wav,hungry,donateacry,train,6.920,8000,42,donateacry_public_corpus,8f4dbf5a-b504-4452-b6ac-94e646a6a052,f,72,0
data/raw/donateacry-corpus/donateacry_corpus_cleaned_and_updated_data/hungry/F6C6D3EE-F139-48A4-9EAC-0A50EB011CDC-1430103957-1.0-m-04-hu.wav,hungry,donateacry,train,7.000,8000,42,donateacry_public_corpus,F6C6D3EE-F139-48A4-9EAC-0A50EB011CDC,m,04,0
data/raw/donateacry-corpus/donateacry_corpus_cleaned_and_updated_data/hungry/adcefe56-90b1-4120-83b1-93008cb6f7f0-1430731683554-1.7-m-04-hu.wav,hungry,donateacry,train,6.940,8000,42,donateacry_public_corpus,adcefe56-90b1-4120-83b1-93008cb6f7f0,m,04,0
data/raw/donateacry-corpus/donateacry_corpus_cleaned_and_updated_data/hungry/F4A0C710-AC2D-42E0-8EA9-3E4CAC31EE20-1430318390-1.0-m-04-hu.wav,hungry,donateacry,train,7.000,8000,42,donateacry_public_corpus,F4A0C710-AC2D-42E0-8EA9-3E4CAC31EE20,m,04,0
data/raw/donateacry-corpus/donateacry_corpus_cleaned_and_updated_data/hungry/0F4B1065-4012-47C8-88B7-ACE11B1A536E-1430038775-1.0-m-04-hu.wav,hungry,donateacry,train,7.000,8000,42,donateacry_public_corpus,0F4B1065-4012-47C8-88B7-ACE11B1A536E,m,04,0
data/raw/donateacry-corpus/donateacry_corpus_cleaned_and_updated_data/hungry/2EE636FB-BD76-4118-A0EF-82FAFC32301F-1436586600-1.1-f-04-hu.wav,hungry,donateacry,train,7.000,8000,42,donateacry_public_corpus,2EE636FB-BD76-4118-A0EF-82FAFC32301F,f,04,0
data/raw/donateacry-corpus/donateacry_corpus_cleaned_and_updated_data/hungry/39180491-e076-4300-b5de-24e812dca6fe-1435708371348-1.7-f-04-hu.wav,hungry,donateacry,train,6.860,8000,42,donateacry_public_corpus,39180491-e076-4300-b5de-24e812dca6fe,f,04,0
data/raw/donateacry-corpus/donateacry_corpus_cleaned_and_updated_data/hungry/F4A65A98-ADEE-49C4-9B45-65A8429DF170-1430232330-1.0-m-72-hu.wav,hungry,donateacry,train,7.000,8000,42,donateacry_public_corpus,F4A65A98-ADEE-49C4-9B45-65A8429DF170,m,72,0
data/raw/donateacry-corpus/donateacry_corpus_cleaned_and_updated_data/hungry/1f40790f-68f2-4e7e-845e-715bd97c82d0-1429979603276-1.7-m-72-hu.wav,hungry,donateacry,train,6.720,8000,42,donateacry_public_corpus,1f40790f-68f2-4e7e-845e-715bd97c82d0,m,72,0
data/raw/donateacry-corpus/donateacry_corpus_cleaned_and_updated_data/hungry/6d922623-8424-4625-be4c-4964e0c9e25c-1434898452774-1.7-m-04-hu.wav,hungry,donateacry,train,6.960,8000,42,donateacry_public_corpus,6d922623-8424-4625-be4c-4964e0c9e25c,m,04,0
data/raw/donateacry-corpus/donateacry_corpus_cleaned_and_updated_data/hungry/7A22229D-06C2-4AAA-9674-DE5DF1906B3A-1436891933-1.1-m-72-hu.wav,hungry,donateacry,train,7.000,8000,42,donateacry_public_corpus,7A22229D-06C2-4AAA-9674-DE5DF1906B3A,m,72,0
data/raw/donateacry-corpus/donateacry_corpus_cleaned_and_updated_data/hungry/af30880e-5f98-4dc0-b37a-be6b21fa0ba3-1431240037389-1.7-m-26-hu.wav,hungry,donateacry,train,6.520,8000,42,donateacry_public_corpus,af30880e-5f98-4dc0-b37a-be6b21fa0ba3,m,26,0
data/raw/donateacry-corpus/donateacry_corpus_cleaned_and_updated_data/hungry/ed31b187-34af-4ff1-979c-3b8a5905fb7b-1430044853892-1.7-f-04-hu.wav,hungry,donateacry,train,6.640,8000,42,donateacry_public_corpus,ed31b187-34af-4ff1-979c-3b8a5905fb7b,f,04,0
data/raw/donateacry-corpus/donateacry_corpus_cleaned_and_updated_data/hungry/B327333E-2DE2-4833-A75A-4C576208BED3-1430087429-1.0-f-48-hu.wav,hungry,donateacry,train,7.000,8000,42,donateacry_public_corpus,B327333E-2DE2-4833-A75A-4C576208BED3,f,48,0
data/raw/donateacry-corpus/donateacry_corpus_cleaned_and_updated_data/hungry/40a4c760-facf-4911-b0a6-22eccc3ab18d-1430477756469-1.7-f-26-hu.wav,hungry,donateacry,train,7.060,8000,42,donateacry_public_corpus,40a4c760-facf-4911-b0a6-22eccc3ab18d,f,26,0
data/raw/donateacry-corpus/donateacry_corpus_cleaned_and_updated_data/hungry/D833237F-1F7C-4338-BEDE-84C0CF5F4145-1430084007-1.0-f-26-hu.wav,hungry,donateacry,train,7.000,8000,42,donateacry_public_corpus,D833237F-1F7C-4338-BEDE-84C0CF5F4145,f,26,0
data/raw/donateacry-corpus/donateacry_corpus_cleaned_and_updated_data/hungry/40a4c760-facf-4911-b0a6-22eccc3ab18d-1430477717469-1.7-f-26-hu.wav,hungry,donateacry,train,7.060,8000,42,donateacry_public_corpus,40a4c760-facf-4911-b0a6-22eccc3ab18d,f,26,0
data/raw/donateacry-corpus/donateacry_corpus_cleaned_and_updated_data/hungry/70d30513-0ec3-49e4-9976-e85785e85c2d-1431033372810-1.7-m-04-hu.wav,hungry,donateacry,train,6.940,8000,42,donateacry_public_corpus,70d30513-0ec3-49e4-9976-e85785e85c2d,m,04,0
data/raw/donateacry-corpus/donateacry_corpus_cleaned_and_updated_data/hungry/7E4B9C14-F955-4BED-9B03-7F3096A6CBFF-1430232166-1.0-f-26-hu.wav,hungry,donateacry,train,7.000,8000,42,donateacry_public_corpus,7E4B9C14-F955-4BED-9B03-7F3096A6CBFF,f,26,0
data/raw/donateacry-corpus/donateacry_corpus_cleaned_and_updated_data/hungry/ad7fd28b-3e85-4e9b-9e18-af4bda64c60f-1430756389867-1.7-m-72-hu.wav,hungry,donateacry,train,6.860,8000,42,donateacry_public_corpus,ad7fd28b-3e85-4e9b-9e18-af4bda64c60f,m,72,0
data/raw/donateacry-corpus/donateacry_corpus_cleaned_and_updated_data/hungry/bfbc4d23-39b2-4b33-b686-2f048f062b60-1430077722675-1.7-f-72-hu.wav,hungry,donateacry,train,6.780,8000,42,donateacry_public_corpus,bfbc4d23-39b2-4b33-b686-2f048f062b60,f,72,0
data/raw/donateacry-corpus/donateacry_corpus_cleaned_and_updated_data/hungry/CC8771B1-C84E-4223-A010-029A7629A975-1434107299-1.1-f-04-hu.wav,hungry,donateacry,train,7.000,8000,42,donateacry_public_corpus,CC8771B1-C84E-4223-A010-029A7629A975,f,04,0
data/raw/donateacry-corpus/donateacry_corpus_cleaned_and_updated_data/hungry/8FDA58A7-FDC6-4421-855F-738E6E853E43-1429895780-1.0-m-26-hu.wav,hungry,donateacry,train,7.000,8000,42,donateacry_public_corpus,8FDA58A7-FDC6-4421-855F-738E6E853E43,m,26,0
data/raw/donateacry-corpus/donateacry_corpus_cleaned_and_updated_data/hungry/85FAB169-4DCC-406D-AC93-2F6A8D797DAB-1437632141-1.1-m-04-hu.wav,hungry,donateacry,train,7.000,8000,42,donateacry_public_corpus,85FAB169-4DCC-406D-AC93-2F6A8D797DAB,m,04,0
data/raw/donateacry-corpus/donateacry_corpus_cleaned_and_updated_data/hungry/218e6fd7-f9c5-4490-afd7-c4fba174e7d2-1430209252819-1.7-m-72-hu.wav,hungry,donateacry,train,7.060,8000,42,donateacry_public_corpus,218e6fd7-f9c5-4490-afd7-c4fba174e7d2,m,72,0
data/raw/donateacry-corpus/donateacry_corpus_cleaned_and_updated_data/hungry/8c66887c-8251-49fa-903b-c02d56405f58-1436856065644-1.7-m-26-hu.wav,hungry,donateacry,train,6.960,8000,42,donateacry_public_corpus,8c66887c-8251-49fa-903b-c02d56405f58,m,26,0
data/raw/donateacry-corpus/donateacry_corpus_cleaned_and_updated_data/hungry/ed31b187-34af-4ff1-979c-3b8a5905fb7b-1430045366784-1.7-f-04-hu.wav,hungry,donateacry,train,6.640,8000,42,donateacry_public_corpus,ed31b187-34af-4ff1-979c-3b8a5905fb7b,f,04,0
data/raw/donateacry-corpus/donateacry_corpus_cleaned_and_updated_data/hungry/03abcb8f-400a-47d8-ad82-7e4586cc06be-1431864192133-1.7-f-48-hu.wav,hungry,donateacry,train,6.980,8000,42,donateacry_public_corpus,03abcb8f-400a-47d8-ad82-7e4586cc06be,f,48,0
data/raw/donateacry-corpus/donateacry_corpus_cleaned_and_updated_data/hungry/aaa57dbd-7b88-454a-963e-6faa2f4ed4e7-1436982098411-1.7-f-04-hu.wav,hungry,donateacry,train,6.900,8000,42,donateacry_public_corpus,aaa57dbd-7b88-454a-963e-6faa2f4ed4e7,f,04,0
data/raw/donateacry-corpus/donateacry_corpus_cleaned_and_updated_data/hungry/090C15A8-5406-4EA5-97A3-81F6527227C0-1430147582-1.0-m-72-hu.wav,hungry,donateacry,train,7.000,8000,42,donateacry_public_corpus,090C15A8-5406-4EA5-97A3-81F6527227C0,m,72,0
data/raw/donateacry-corpus/donateacry_corpus_cleaned_and_updated_data/hungry/8f4dbf5a-b504-4452-b6ac-94e646a6a052-1430735028906-1.7-f-72-hu.wav,hungry,donateacry,train,6.920,8000,42,donateacry_public_corpus,8f4dbf5a-b504-4452-b6ac-94e646a6a052,f,72,0
data/raw/donateacry-corpus/donateacry_corpus_cleaned_and_updated_data/hungry/602b06a7-31f0-4370-b35a-9cc81d205958-1430739609286-1.7-f-72-hu.wav,hungry,donateacry,train,6.860,8000,42,donateacry_public_corpus,602b06a7-31f0-4370-b35a-9cc81d205958,f,72,0
data/raw/donateacry-corpus/donateacry_corpus_cleaned_and_updated_data/hungry/4be720ce-a5e5-4a48-930f-a212f8a239f6-1434774947458-1.7-f-48-hu.wav,hungry,donateacry,train,6.780,8000,42,donateacry_public_corpus,4be720ce-a5e5-4a48-930f-a212f8a239f6,f,48,0
data/raw/donateacry-corpus/donateacry_corpus_cleaned_and_updated_data/hungry/101c6709-39fb-44dc-b905-7cbeed5714a2-1434361963544-1.7-f-04-hu.wav,hungry,donateacry,train,6.960,8000,42,donateacry_public_corpus,101c6709-39fb-44dc-b905-7cbeed5714a2,f,04,0
data/raw/donateacry-corpus/donateacry_corpus_cleaned_and_updated_data/hungry/F95D4BCE-2FB0-4A0C-A058-BFB0674539AF-1430055809-1.0-m-26-hu.wav,hungry,donateacry,train,7.000,8000,42,donateacry_public_corpus,F95D4BCE-2FB0-4A0C-A058-BFB0674539AF,m,26,0
data/raw/donateacry-corpus/donateacry_corpus_cleaned_and_updated_data/hungry/50DC5FBC-AC95-44F2-B55F-E4E5FB03AC96-1430007691-1.0-m-26-hu.wav,hungry,donateacry,train,7.000,8000,42,donateacry_public_corpus,50DC5FBC-AC95-44F2-B55F-E4E5FB03AC96,m,26,0
data/raw/donateacry-corpus/donateacry_corpus_cleaned_and_updated_data/hungry/8c2a1f03-07f4-4aee-a73f-bc57beb2b600-1430761324670-1.7-f-26-hu.wav,hungry,donateacry,train,6.640,8000,42,donateacry_public_corpus,8c2a1f03-07f4-4aee-a73f-bc57beb2b600,f,26,0
data/raw/donateacry-corpus/donateacry_corpus_cleaned_and_updated_data/hungry/a56e2494-d2b2-480e-af0b-de9ea8f33572-1436897427825-1.7-f-26-hu.wav,hungry,donateacry,train,6.960,8000,42,donateacry_public_corpus,a56e2494-d2b2-480e-af0b-de9ea8f33572,f,26,0
data/raw/donateacry-corpus/donateacry_corpus_cleaned_and_updated_data/hungry/e0717ce2-da25-417c-89a5-58d7175f4a6d-1436966513203-1.7-m-26-hu.wav,hungry,donateacry,train,6.660,8000,42,donateacry_public_corpus,e0717ce2-da25-417c-89a5-58d7175f4a6d,m,26,0
data/raw/donateacry-corpus/donateacry_corpus_cleaned_and_updated_data/hungry/E2C4BCE0-99FD-49EC-8AB1-5EA5DF7DD8C5-1430042952-1.0-m-04-hu.wav,hungry,donateacry,train,7.000,8000,42,donateacry_public_corpus,E2C4BCE0-99FD-49EC-8AB1-5EA5DF7DD8C5,m,04,0
data/raw/donateacry-corpus/donateacry_corpus_cleaned_and_updated_data/hungry/4cefc13c-e7c0-4b5a-bddb-c40c103e640a-1431583459308-1.7-f-26-hu.wav,hungry,donateacry,train,6.780,8000,42,donateacry_public_corpus,4cefc13c-e7c0-4b5a-bddb-c40c103e640a,f,26,0
data/raw/donateacry-corpus/donateacry_corpus_cleaned_and_updated_data/hungry/be21ef2a-a415-4e8b-bfe6-731bf9956e2c-1431320909516-1.7-f-26-hu.wav,hungry,donateacry,train,6.960,8000,42,donateacry_public_corpus,be21ef2a-a415-4e8b-bfe6-731bf9956e2c,f,26,0
data/raw/donateacry-corpus/donateacry_corpus_cleaned_and_updated_data/hungry/FF2CD2F6-404D-4626-8718-6E6C751F63B8-1431104337-1.0-m-04-hu.wav,hungry,donateacry,train,7.000,8000,42,donateacry_public_corpus,FF2CD2F6-404D-4626-8718-6E6C751F63B8,m,04,0
data/raw/donateacry-corpus/donateacry_corpus_cleaned_and_updated_data/hungry/24f2a4e1-7161-42a3-a2a2-a29a2422c0b8-1430814730789-1.7-f-26-hu.wav,hungry,donateacry,train,6.880,8000,42,donateacry_public_corpus,24f2a4e1-7161-42a3-a2a2-a29a2422c0b8,f,26,0
data/raw/donateacry-corpus/donateacry_corpus_cleaned_and_updated_data/hungry/d1e236a0-e030-4137-9030-5625026cd098-1430477951092-1.2-m-04-hu.wav,hungry,donateacry,train,6.900,8000,42,donateacry_public_corpus,d1e236a0-e030-4137-9030-5625026cd098,m,04,0
data/raw/donateacry-corpus/donateacry_corpus_cleaned_and_updated_data/hungry/1259bcad-2308-46fa-9a36-b5d8f359886a-1430143644843-1.7-f-04-hu.wav,hungry,donateacry,train,6.860,8000,42,donateacry_public_corpus,1259bcad-2308-46fa-9a36-b5d8f359886a,f,04,0
data/raw/donateacry-corpus/donateacry_corpus_cleaned_and_updated_data/hungry/9641D2D5-7D9F-41B2-8345-229AE9555FEC-1430022546-1.0-m-72-hu.wav,hungry,donateacry,train,7.000,8000,42,donateacry_public_corpus,9641D2D5-7D9F-41B2-8345-229AE9555FEC,m,72,0
data/raw/donateacry-corpus/donateacry_corpus_cleaned_and_updated_data/hungry/42ec6f14-6ba6-457f-8a80-101ee201195c-1431345009828-1.7-m-22-hu.wav,hungry,donateacry,train,7.060,8000,42,donateacry_public_corpus,42ec6f14-6ba6-457f-8a80-101ee201195c,m,22,0
data/raw/donateacry-corpus/donateacry_corpus_cleaned_and_updated_data/hungry/FF2CD2F6-404D-4626-8718-6E6C751F63B8-1431104396-1.0-m-04-hu.wav,hungry,donateacry,train,7.000,8000,42,donateacry_public_corpus,FF2CD2F6-404D-4626-8718-6E6C751F63B8,m,04,0
data/raw/donateacry-corpus/donateacry_corpus_cleaned_and_updated_data/hungry/11417AC2-DCC9-48CD-8177-CA8665E51B2F-1436881489-1.1-m-48-hu.wav,hungry,donateacry,train,7.000,8000,42,donateacry_public_corpus,11417AC2-DCC9-48CD-8177-CA8665E51B2F,m,48,0
data/raw/donateacry-corpus/donateacry_corpus_cleaned_and_updated_data/hungry/cde108d0-62c3-47f8-82c4-233c9fba5cdd-1436884444242-1.7-m-48-hu.wav,hungry,donateacry,train,6.860,8000,42,donateacry_public_corpus,cde108d0-62c3-47f8-82c4-233c9fba5cdd,m,48,0
data/raw/donateacry-corpus/donateacry_corpus_cleaned_and_updated_data/hungry/7616E8F4-B1A7-45A6-9A0C-C9BB2DE64FC3-1436868751-1.1-m-72-hu.wav,hungry,donateacry,train,7.000,8000,42,donateacry_public_corpus,7616E8F4-B1A7-45A6-9A0C-C9BB2DE64FC3,m,72,0
data/raw/donateacry-corpus/donateacry_corpus_cleaned_and_updated_data/hungry/7A864194-4B6B-4850-ABBF-0C2A8170107B-1436846824-1.1-f-26-hu.wav,hungry,donateacry,train,7.000,8000,42,donateacry_public_corpus,7A864194-4B6B-4850-ABBF-0C2A8170107B,f,26,0
data/raw/donateacry-corpus/donateacry_corpus_cleaned_and_updated_data/hungry/0D1AD73E-4C5E-45F3-85C4-9A3CB71E8856-1430742197-1.0-m-04-hu.wav,hungry,donateacry,train,7.000,8000,42,donateacry_public_corpus,0D1AD73E-4C5E-45F3-85C4-9A3CB71E8856,m,04,0
data/raw/donateacry-corpus/donateacry_corpus_cleaned_and_updated_data/hungry/9fe37482-6a64-401d-b8b9-3e47d6ed9ac0-1430047590938-1.7-f-26-hu.wav,hungry,donateacry,train,6.940,8000,42,donateacry_public_corpus,9fe37482-6a64-401d-b8b9-3e47d6ed9ac0,f,26,0
data/raw/donateacry-corpus/donateacry_corpus_cleaned_and_updated_data/hungry/e4051e62-d21d-4bb8-a235-fd7e859ad787-1430740613780-1.7-f-72-hu.wav,hungry,donateacry,train,6.960,8000,42,donateacry_public_corpus,e4051e62-d21d-4bb8-a235-fd7e859ad787,f,72,0
data/raw/donateacry-corpus/donateacry_corpus_cleaned_and_updated_data/hungry/459c3f85-5710-4efa-bcc9-8012aa1af55e-1430034895673-1.7-f-48-hu.wav,hungry,donateacry,train,6.900,8000,42,donateacry_public_corpus,459c3f85-5710-4efa-bcc9-8012aa1af55e,f,48,0
data/raw/donateacry-corpus/donateacry_corpus_cleaned_and_updated_data/hungry/aaa57dbd-7b88-454a-963e-6faa2f4ed4e7-1436988612387-1.7-f-04-hu.wav,hungry,donateacry,train,6.920,8000,42,donateacry_public_corpus,aaa57dbd-7b88-454a-963e-6faa2f4ed4e7,f,04,0
data/raw/donateacry-corpus/donateacry_corpus_cleaned_and_updated_data/hungry/3c51dedc-6e4c-47dd-a179-86a25e95f1ef-1430651019625-1.7-m-04-hu.wav,hungry,donateacry,train,7.060,8000,42,donateacry_public_corpus,3c51dedc-6e4c-47dd-a179-86a25e95f1ef,m,04,0
data/raw/donateacry-corpus/donateacry_corpus_cleaned_and_updated_data/hungry/4be720ce-a5e5-4a48-930f-a212f8a239f6-1434737668804-1.7-f-48-hu.wav,hungry,donateacry,train,6.780,8000,42,donateacry_public_corpus,4be720ce-a5e5-4a48-930f-a212f8a239f6,f,48,0
data/raw/donateacry-corpus/donateacry_corpus_cleaned_and_updated_data/hungry/771fa0cc-4535-471b-9cec-d26deff8d567-1429803644891-1.7-m-04-hu.wav,hungry,donateacry,train,6.820,8000,42,donateacry_public_corpus,771fa0cc-4535-471b-9cec-d26deff8d567,m,04,0
data/raw/donateacry-corpus/donateacry_corpus_cleaned_and_updated_data/hungry/c7fef089-4a65-4b75-bfd4-bae0e3518adf-1430754388848-1.7-m-04-hu.wav,hungry,donateacry,train,6.720,8000,42,donateacry_public_corpus,c7fef089-4a65-4b75-bfd4-bae0e3518adf,m,04,0
data/raw/donateacry-corpus/donateacry_corpus_cleaned_and_updated_data/hungry/a40b9b8d-e4bc-457a-badf-f38bdbc0c358-1430017191818-1.7-m-26-hu.wav,hungry,donateacry,train,6.920,8000,42,donateacry_public_corpus,a40b9b8d-e4bc-457a-badf-f38bdbc0c358,m,26,0
data/raw/donateacry-corpus/donateacry_corpus_cleaned_and_updated_data/hungry/2439388A-9CF2-4D3B-9534-E6951FC9EAD4-1436877953-1.1-m-26-hu.wav,hungry,donateacry,train,7.000,8000,42,donateacry_public_corpus,2439388A-9CF2-4D3B-9534-E6951FC9EAD4,m,26,0
data/raw/donateacry-corpus/donateacry_corpus_cleaned_and_updated_data/hungry/459c3f85-5710-4efa-bcc9-8012aa1af55e-1430034880215-1.7-f-48-hu.wav,hungry,donateacry,train,6.940,8000,42,donateacry_public_corpus,459c3f85-5710-4efa-bcc9-8012aa1af55e,f,48,0
data/raw/donateacry-corpus/donateacry_corpus_cleaned_and_updated_data/hungry/86c2b87a-ae7c-46a3-b6fb-7ebe748812cf-1430036593222-1.7-f-26-hu.wav,hungry,donateacry,train,7.040,8000,42,donateacry_public_corpus,86c2b87a-ae7c-46a3-b6fb-7ebe748812cf,f,26,0
data/raw/donateacry-corpus/donateacry_corpus_cleaned_and_updated_data/hungry/3030d0e9-0c9b-4616-9b83-f10dc2dedbfd-1430053447333-1.7-m-26-hu.wav,hungry,donateacry,train,6.740,8000,42,donateacry_public_corpus,3030d0e9-0c9b-4616-9b83-f10dc2dedbfd,m,26,0
data/raw/donateacry-corpus/donateacry_corpus_cleaned_and_updated_data/hungry/52dfc27a-fbc4-4d9f-bbcf-6406c919324a-1430041657947-1.7-m-26-hu.wav,hungry,donateacry,train,6.920,8000,42,donateacry_public_corpus,52dfc27a-fbc4-4d9f-bbcf-6406c919324a,m,26,0
data/raw/donateacry-corpus/donateacry_corpus_cleaned_and_updated_data/hungry/653bf718-94bd-40d0-af7c-8fe44e07640c-1430759231913-1.7-m-04-hu.wav,hungry,donateacry,train,6.880,8000,42,donateacry_public_corpus,653bf718-94bd-40d0-af7c-8fe44e07640c,m,04,0
data/raw/donateacry-corpus/donateacry_corpus_cleaned_and_updated_data/hungry/653bf718-94bd-40d0-af7c-8fe44e07640c-1430759214066-1.7-m-04-hu.wav,hungry,donateacry,train,6.860,8000,42,donateacry_public_corpus,653bf718-94bd-40d0-af7c-8fe44e07640c,m,04,0
data/raw/donateacry-corpus/donateacry_corpus_cleaned_and_updated_data/hungry/D54D9C2A-56ED-4338-9D1F-2ADB4E081DAD-1429807587-1.0-m-48-hu.wav,hungry,donateacry,train,7.000,8000,42,donateacry_public_corpus,D54D9C2A-56ED-4338-9D1F-2ADB4E081DAD,m,48,0
data/raw/donateacry-corpus/donateacry_corpus_cleaned_and_updated_data/hungry/bb2bdafb-0477-4be4-8c41-1a6192e8c6d4-1430637736064-1.7-m-72-hu.wav,hungry,donateacry,train,6.660,8000,42,donateacry_public_corpus,bb2bdafb-0477-4be4-8c41-1a6192e8c6d4,m,72,0
data/raw/donateacry-corpus/donateacry_corpus_cleaned_and_updated_data/hungry/AA2CA7F6-4547-4CC0-AA4C-5D7B64727FB5-1437123487-1.1-f-26-hu.wav,hungry,donateacry,train,7.000,8000,42,donateacry_public_corpus,AA2CA7F6-4547-4CC0-AA4C-5D7B64727FB5,f,26,0
data/raw/donateacry-corpus/donateacry_corpus_cleaned_and_updated_data/hungry/aaa57dbd-7b88-454a-963e-6faa2f4ed4e7-1436910225455-1.7-f-04-hu.wav,hungry,donateacry,train,7.040,8000,42,donateacry_public_corpus,aaa57dbd-7b88-454a-963e-6faa2f4ed4e7,f,04,0
data/raw/donateacry-corpus/donateacry_corpus_cleaned_and_updated_data/hungry/549a46d8-9c84-430e-ade8-97eae2bef787-1430130669340-1.7-m-48-hu.wav,hungry,donateacry,train,6.860,8000,42,donateacry_public_corpus,549a46d8-9c84-430e-ade8-97eae2bef787,m,48,0
data/raw/donateacry-corpus/donateacry_corpus_cleaned_and_updated_data/hungry/9CFD61B9-BF13-406D-8B2F-F73CFAAF25CB-1430927741-1.0-f-04-hu.wav,hungry,donateacry,train,7.000,8000,42,donateacry_public_corpus,9CFD61B9-BF13-406D-8B2F-F73CFAAF25CB,f,04,0
data/raw/donateacry-corpus/donateacry_corpus_cleaned_and_updated_data/hungry/ae5a462b-5424-4b5b-82d5-07ccb61654ab-1431155960186-1.7-f-48-hu.wav,hungry,donateacry,train,6.900,8000,42,donateacry_public_corpus,ae5a462b-5424-4b5b-82d5-07ccb61654ab,f,48,0
data/raw/donateacry-corpus/donateacry_corpus_cleaned_and_updated_data/hungry/2e25d0a5-0b2b-44ef-8491-e445b16ea75c-1430056314272-1.7-f-26-hu.wav,hungry,donateacry,train,6.680,8000,42,donateacry_public_corpus,2e25d0a5-0b2b-44ef-8491-e445b16ea75c,f,26,0
data/raw/donateacry-corpus/donateacry_corpus_cleaned_and_updated_data/hungry/5728DDD6-149B-412F-A14B-C29B9B5E415F-1432635069-1.0-m-26-hu.wav,hungry,donateacry,train,7.000,8000,42,donateacry_public_corpus,5728DDD6-149B-412F-A14B-C29B9B5E415F,m,26,0
data/raw/donateacry-corpus/donateacry_corpus_cleaned_and_updated_data/hungry/f896b69d-6241-4b51-9c45-0d628bc827c1-1430090274181-1.7-m-04-hu.wav,hungry,donateacry,train,6.900,8000,42,donateacry_public_corpus,f896b69d-6241-4b51-9c45-0d628bc827c1,m,04,0
data/raw/donateacry-corpus/donateacry_corpus_cleaned_and_updated_data/hungry/c6fd9d60-0fa7-44c0-b3ce-0192527d7b81-1430068155237-1.7-m-72-hu.wav,hungry,donateacry,train,6.780,8000,42,donateacry_public_corpus,c6fd9d60-0fa7-44c0-b3ce-0192527d7b81,m,72,0
data/raw/donateacry-corpus/donateacry_corpus_cleaned_and_updated_data/hungry/08E9485B-2772-444B-A636-77E14DD14A8C-1431493453-1.0-m-04-hu.wav,hungry,donateacry,train,7.000,8000,42,donateacry_public_corpus,08E9485B-2772-444B-A636-77E14DD14A8C,m,04,0
data/raw/donateacry-corpus/donateacry_corpus_cleaned_and_updated_data/hungry/0c8f14a9-6999-485b-97a2-913c1cbf099c-1430760394426-1.7-m-26-hu.wav,hungry,donateacry,train,6.960,8000,42,donateacry_public_corpus,0c8f14a9-6999-485b-97a2-913c1cbf099c,m,26,0
data/raw/donateacry-corpus/donateacry_corpus_cleaned_and_updated_data/hungry/a7b13b65-da2c-48ec-8aed-46adcaba705f-1430823489236-1.7-f-26-hu.wav,hungry,donateacry,train,6.940,8000,42,donateacry_public_corpus,a7b13b65-da2c-48ec-8aed-46adcaba705f,f,26,0
data/raw/donateacry-corpus/donateacry_corpus_cleaned_and_updated_data/hungry/0a983cd2-0078-4698-a048-99ac01eb167a-1433917038889-1.7-f-04-hu.wav,hungry,donateacry,train,6.840,8000,42,donateacry_public_corpus,0a983cd2-0078-4698-a048-99ac01eb167a,f,04,0
data/raw/donateacry-corpus/donateacry_corpus_cleaned_and_updated_data/hungry/b9d0daab-43c8-41f1-86af-3bcdea9af63c-1429979961789-1.7-f-22-hu.wav,hungry,donateacry,train,6.780,8000,42,donateacry_public_corpus,b9d0daab-43c8-41f1-86af-3bcdea9af63c,f,22,0
data/raw/donateacry-corpus/donateacry_corpus_cleaned_and_updated_data/hungry/dc5429de-26b4-48e2-bc47-bc607b9bba06-1430741828918-1.7-f-72-hu.wav,hungry,donateacry,train,6.940,8000,42,donateacry_public_corpus,dc5429de-26b4-48e2-bc47-bc607b9bba06,f,72,0
data/raw/donateacry-corpus/donateacry_corpus_cleaned_and_updated_data/hungry/0f257dac-7d6f-4575-9192-e3b4dcd3d4ef-1430185441581-1.7-f-26-hu.wav,hungry,donateacry,train,6.960,8000,42,donateacry_public_corpus,0f257dac-7d6f-4575-9192-e3b4dcd3d4ef,f,26,0
data/raw/donateacry-corpus/donateacry_corpus_cleaned_and_updated_data/hungry/c6fd9d60-0fa7-44c0-b3ce-0192527d7b81-1430066825817-1.7-m-72-hu.wav,hungry,donateacry,train,6.780,8000,42,donateacry_public_corpus,c6fd9d60-0fa7-44c0-b3ce-0192527d7b81,m,72,0
data/raw/donateacry-corpus/donateacry_corpus_cleaned_and_updated_data/hungry/a40b9b8d-e4bc-457a-badf-f38bdbc0c358-1430016779981-1.7-m-26-hu.wav,hungry,donateacry,train,6.940,8000,42,donateacry_public_corpus,a40b9b8d-e4bc-457a-badf-f38bdbc0c358,m,26,0
data/raw/donateacry-corpus/donateacry_corpus_cleaned_and_updated_data/hungry/92d08bbe-553f-4844-85b1-15d572f06ea2-1436873183951-1.7-m-04-hu.wav,hungry,donateacry,train,6.780,8000,42,donateacry_public_corpus,92d08bbe-553f-4844-85b1-15d572f06ea2,m,04,0
data/raw/donateacry-corpus/donateacry_corpus_cleaned_and_updated_data/hungry/F950E7E3-A1A5-4A01-99F4-9B155C3C6606-1430305696-1.0-m-72-hu.wav,hungry,donateacry,train,7.000,8000,42,donateacry_public_corpus,F950E7E3-A1A5-4A01-99F4-9B155C3C6606,m,72,0
data/raw/donateacry-corpus/donateacry_corpus_cleaned_and_updated_data/hungry/602b06a7-31f0-4370-b35a-9cc81d205958-1430907796431-1.7-f-72-hu.wav,hungry,donateacry,train,6.920,8000,42,donateacry_public_corpus,602b06a7-31f0-4370-b35a-9cc81d205958,f,72,0
data/raw/donateacry-corpus/donateacry_corpus_cleaned_and_updated_data/hungry/F4A0C710-AC2D-42E0-8EA9-3E4CAC31EE20-1430318400-1.0-m-04-hu.wav,hungry,donateacry,train,7.000,8000,42,donateacry_public_corpus,F4A0C710-AC2D-42E0-8EA9-3E4CAC31EE20,m,04,0
data/raw/donateacry-corpus/donateacry_corpus_cleaned_and_updated_data/hungry/f5b29377-7cd6-4688-942c-5a07add39dc5-1437178455960-1.7-f-26-hu.wav,hungry,donateacry,train,7.060,8000,42,donateacry_public_corpus,f5b29377-7cd6-4688-942c-5a07add39dc5,f,26,0
data/raw/donateacry-corpus/donateacry_corpus_cleaned_and_updated_data/hungry/3bb2445a-9ae9-4dc8-9a2e-86c696ffa405-1430142760958-1.7-m-26-hu.wav,hungry,donateacry,train,6.920,8000,42,donateacry_public_corpus,3bb2445a-9ae9-4dc8-9a2e-86c696ffa405,m,26,0
data/raw/donateacry-corpus/donateacry_corpus_cleaned_and_updated_data/hungry/c10e2b0f-0cb8-4485-b82f-d453edf97db7-1430739158854-1.7-f-26-hu.wav,hungry,donateacry,train,6.860,8000,42,donateacry_public_corpus,c10e2b0f-0cb8-4485-b82f-d453edf97db7,f,26,0
data/raw/donateacry-corpus/donateacry_corpus_cleaned_and_updated_data/hungry/D54D9C2A-56ED-4338-9D1F-2ADB4E081DAD-1429807598-1.0-m-48-hu.wav,hungry,donateacry,train,7.000,8000,42,donateacry_public_corpus,D54D9C2A-56ED-4338-9D1F-2ADB4E081DAD,m,48,0
data/raw/donateacry-corpus/donateacry_corpus_cleaned_and_updated_data/hungry/3030d0e9-0c9b-4616-9b83-f10dc2dedbfd-1430053456045-1.7-m-26-hu.wav,hungry,donateacry,train,6.760,8000,42,donateacry_public_corpus,3030d0e9-0c9b-4616-9b83-f10dc2dedbfd,m,26,0
data/raw/donateacry-corpus/donateacry_corpus_cleaned_and_updated_data/hungry/1445575b-80ad-477b-8e48-36194cac728e-1430244987914-1.7-f-48-hu.wav,hungry,donateacry,train,6.780,8000,42,donateacry_public_corpus,1445575b-80ad-477b-8e48-36194cac728e,f,48,0
data/raw/donateacry-corpus/donateacry_corpus_cleaned_and_updated_data/hungry/4cefc13c-e7c0-4b5a-bddb-c40c103e640a-1431583470764-1.7-f-26-hu.wav,hungry,donateacry,train,6.780,8000,42,donateacry_public_corpus,4cefc13c-e7c0-4b5a-bddb-c40c103e640a,f,26,0
data/raw/donateacry-corpus/donateacry_corpus_cleaned_and_updated_data/hungry/5C2F730C-9721-40B7-A2D8-C257DB518978-1429966327-1.0-m-04-hu.wav,hungry,donateacry,train,7.000,8000,42,donateacry_public_corpus,5C2F730C-9721-40B7-A2D8-C257DB518978,m,04,0
data/raw/donateacry-corpus/donateacry_corpus_cleaned_and_updated_data/hungry/999bf14b-e417-4b44-b746-9253f81efe38-1430844940177-1.7-m-04-hu.wav,hungry,donateacry,train,6.900,8000,42,donateacry_public_corpus,999bf14b-e417-4b44-b746-9253f81efe38,m,04,0
data/raw/donateacry-corpus/donateacry_corpus_cleaned_and_updated_data/hungry/aaa57dbd-7b88-454a-963e-6faa2f4ed4e7-1436982066128-1.7-f-04-hu.wav,hungry,donateacry,train,6.920,8000,42,donateacry_public_corpus,aaa57dbd-7b88-454a-963e-6faa2f4ed4e7,f,04,0
data/raw/donateacry-corpus/donateacry_corpus_cleaned_and_updated_data/hungry/40a4c760-facf-4911-b0a6-22eccc3ab18d-1430466393384-1.7-f-26-hu.wav,hungry,donateacry,train,7.060,8000,42,donateacry_public_corpus,40a4c760-facf-4911-b0a6-22eccc3ab18d,f,26,0
data/raw/donateacry-corpus/donateacry_corpus_cleaned_and_updated_data/hungry/c6fd9d60-0fa7-44c0-b3ce-0192527d7b81-1429978271017-1.7-m-04-hu.wav,hungry,donateacry,train,6.780,8000,42,donateacry_public_corpus,c6fd9d60-0fa7-44c0-b3ce-0192527d7b81,m,04,0
data/raw/donateacry-corpus/donateacry_corpus_cleaned_and_updated_data/hungry/7A864194-4B6B-4850-ABBF-0C2A8170107B-1436846797-1.1-f-26-hu.wav,hungry,donateacry,train,7.000,8000,42,donateacry_public_corpus,7A864194-4B6B-4850-ABBF-0C2A8170107B,f,26,0
data/raw/donateacry-corpus/donateacry_corpus_cleaned_and_updated_data/hungry/415d69b4-6d84-4bf8-97b0-10f8f108dc1d-1430739528719-1.7-m-04-hu.wav,hungry,donateacry,train,7.060,8000,42,donateacry_public_corpus,415d69b4-6d84-4bf8-97b0-10f8f108dc1d,m,04,0
data/raw/donateacry-corpus/donateacry_corpus_cleaned_and_updated_data/hungry/3DF341FA-E90B-4335-A51A-A9B0769150CE-1436859277-1.1-m-04-hu.wav,hungry,donateacry,train,7.000,8000,42,donateacry_public_corpus,3DF341FA-E90B-4335-A51A-A9B0769150CE,m,04,0
data/raw/donateacry-corpus/donateacry_corpus_cleaned_and_updated_data/hungry/7E4B9C14-F955-4BED-9B03-7F3096A6CBFF-1430232195-1.0-f-26-hu.wav,hungry,donateacry,train,7.000,8000,42,donateacry_public_corpus,7E4B9C14-F955-4BED-9B03-7F3096A6CBFF,f,26,0
data/raw/donateacry-corpus/donateacry_corpus_cleaned_and_updated_data/hungry/e4051e62-d21d-4bb8-a235-fd7e859ad787-1430739655763-1.7-m-04-hu.wav,hungry,donateacry,train,6.920,8000,42,donateacry_public_corpus,e4051e62-d21d-4bb8-a235-fd7e859ad787,m,04,0
data/raw/donateacry-corpus/donateacry_corpus_cleaned_and_updated_data/hungry/7B924575-21FC-462A-969E-BABB46D1CBF5-1430055234-1.0-f-72-hu.wav,hungry,donateacry,train,7.000,8000,42,donateacry_public_corpus,7B924575-21FC-462A-969E-BABB46D1CBF5,f,72,0
data/raw/donateacry-corpus/donateacry_corpus_cleaned_and_updated_data/hungry/e1e640e2-78cb-4cb7-9ccc-93813bfc251c-1430738640598-1.7-m-72-hu.wav,hungry,donateacry,train,6.920,8000,42,donateacry_public_corpus,e1e640e2-78cb-4cb7-9ccc-93813bfc251c,m,72,0
data/raw/donateacry-corpus/donateacry_corpus_cleaned_and_updated_data/hungry/815af07e-4c31-4032-8bd1-dab6e60c879e-1433156423585-1.7-m-04-hu.wav,hungry,donateacry,train,6.960,8000,42,donateacry_public_corpus,815af07e-4c31-4032-8bd1-dab6e60c879e,m,04,0
data/raw/donateacry-corpus/donateacry_corpus_cleaned_and_updated_data/hungry/d79affbc-f7b4-4ef0-ae57-be5da4b827bf-1430761514476-1.7-m-72-hu.wav,hungry,donateacry,train,6.900,8000,42,donateacry_public_corpus,d79affbc-f7b4-4ef0-ae57-be5da4b827bf,m,72,0
data/raw/donateacry-corpus/donateacry_corpus_cleaned_and_updated_data/hungry/9CFD61B9-BF13-406D-8B2F-F73CFAAF25CB-1430927728-1.0-f-04-hu.wav,hungry,donateacry,train,7.000,8000,42,donateacry_public_corpus,9CFD61B9-BF13-406D-8B2F-F73CFAAF25CB,f,04,0
data/raw/donateacry-corpus/donateacry_corpus_cleaned_and_updated_data/hungry/F1AF5794-AD3B-4181-B010-AB835E5BDA64-1430441342-1.0-m-72-hu.wav,hungry,donateacry,train,7.000,8000,42,donateacry_public_corpus,F1AF5794-AD3B-4181-B010-AB835E5BDA64,m,72,0
data/raw/donateacry-corpus/donateacry_corpus_cleaned_and_updated_data/hungry/A123AD65-38D3-4A65-AB37-330034765840-1430093699-1.0-m-04-hu.wav,hungry,donateacry,train,7.000,8000,42,donateacry_public_corpus,A123AD65-38D3-4A65-AB37-330034765840,m,04,0
data/raw/donateacry-corpus/donateacry_corpus_cleaned_and_updated_data/hungry/b8fe4527-5e46-437f-897d-be32112bc1c8-1430166086647-1.7-f-48-hu.wav,hungry,donateacry,train,6.740,8000,42,donateacry_public_corpus,b8fe4527-5e46-437f-897d-be32112bc1c8,f,48,0
data/raw/donateacry-corpus/donateacry_corpus_cleaned_and_updated_data/hungry/7060a4f6-4c0c-494b-912c-ae60158b185a-1436931995150-1.7-f-04-hu.wav,hungry,donateacry,train,6.940,8000,42,donateacry_public_corpus,7060a4f6-4c0c-494b-912c-ae60158b185a,f,04,0
data/raw/donateacry-corpus/donateacry_corpus_cleaned_and_updated_data/hungry/9090c7a3-bebc-4485-aafc-64e4298da3ac-1430088396663-1.7-f-26-hu.wav,hungry,donateacry,train,6.940,8000,42,donateacry_public_corpus,9090c7a3-bebc-4485-aafc-64e4298da3ac,f,26,0
data/raw/donateacry-corpus/donateacry_corpus_cleaned_and_updated_data/hungry/ae5f103b-5fee-442f-bb1b-d9d0570c46ab-1431533809819-1.7-m-26-hu.wav,hungry,donateacry,train,6.960,8000,42,donateacry_public_corpus,ae5f103b-5fee-442f-bb1b-d9d0570c46ab,m,26,0
data/raw/donateacry-corpus/donateacry_corpus_cleaned_and_updated_data/hungry/30c2cee4-b682-4dcb-86b9-7fa6f36f1b66-1430728411287-1.7-f-72-hu.wav,hungry,donateacry,train,6.940,8000,42,donateacry_public_corpus,30c2cee4-b682-4dcb-86b9-7fa6f36f1b66,f,72,0
data/raw/donateacry-corpus/donateacry_corpus_cleaned_and_updated_data/hungry/3bb2445a-9ae9-4dc8-9a2e-86c696ffa405-1430123758633-1.7-m-26-hu.wav,hungry,donateacry,train,6.920,8000,42,donateacry_public_corpus,3bb2445a-9ae9-4dc8-9a2e-86c696ffa405,m,26,0
data/raw/donateacry-corpus/donateacry_corpus_cleaned_and_updated_data/hungry/9fe37482-6a64-401d-b8b9-3e47d6ed9ac0-1430047399844-1.7-f-26-hu.wav,hungry,donateacry,train,6.940,8000,42,donateacry_public_corpus,9fe37482-6a64-401d-b8b9-3e47d6ed9ac0,f,26,0
data/raw/donateacry-corpus/donateacry_corpus_cleaned_and_updated_data/hungry/3030d0e9-0c9b-4616-9b83-f10dc2dedbfd-1430053594259-1.7-m-26-hu.wav,hungry,donateacry,train,6.740,8000,42,donateacry_public_corpus,3030d0e9-0c9b-4616-9b83-f10dc2dedbfd,m,26,0
data/raw/donateacry-corpus/donateacry_corpus_cleaned_and_updated_data/hungry/3030d0e9-0c9b-4616-9b83-f10dc2dedbfd-1430053464739-1.7-m-26-hu.wav,hungry,donateacry,train,6.740,8000,42,donateacry_public_corpus,3030d0e9-0c9b-4616-9b83-f10dc2dedbfd,m,26,0
data/raw/donateacry-corpus/donateacry_corpus_cleaned_and_updated_data/hungry/edb5924c-07ba-4eaa-838b-aaf9511a219b-1431894189631-1.7-m-48-hu.wav,hungry,donateacry,train,6.940,8000,42,donateacry_public_corpus,edb5924c-07ba-4eaa-838b-aaf9511a219b,m,48,0
data/raw/donateacry-corpus/donateacry_corpus_cleaned_and_updated_data/hungry/A123AD65-38D3-4A65-AB37-330034765840-1430093726-1.0-m-04-hu.wav,hungry,donateacry,train,7.000,8000,42,donateacry_public_corpus,A123AD65-38D3-4A65-AB37-330034765840,m,04,0
data/raw/donateacry-corpus/donateacry_corpus_cleaned_and_updated_data/hungry/21c07aff-0a8d-4e74-ad5e-e3c7f7bcb11b-1430031235662-1.7-m-04-hu.wav,hungry,donateacry,train,6.860,8000,42,donateacry_public_corpus,21c07aff-0a8d-4e74-ad5e-e3c7f7bcb11b,m,04,0
data/raw/donateacry-corpus/donateacry_corpus_cleaned_and_updated_data/hungry/eccb4617-8373-4c4f-b49e-bb2d72bce8d8-1430035348191-1.7-m-26-hu.wav,hungry,donateacry,train,6.900,8000,42,donateacry_public_corpus,eccb4617-8373-4c4f-b49e-bb2d72bce8d8,m,26,0
data/raw/donateacry-corpus/donateacry_corpus_cleaned_and_updated_data/hungry/539FDD32-6326-422E-A707-FCF063D3426C-1437073544-1.1-f-26-hu.wav,hungry,donateacry,train,7.000,8000,42,donateacry_public_corpus,539FDD32-6326-422E-A707-FCF063D3426C,f,26,0
data/raw/donateacry-corpus/donateacry_corpus_cleaned_and_updated_data/hungry/1309B82C-F146-46F0-A723-45345AFA6EA8-1430059849-1.0-f-04-hu.wav,hungry,donateacry,train,7.000,8000,42,donateacry_public_corpus,1309B82C-F146-46F0-A723-45345AFA6EA8,f,04,0
data/raw/donateacry-corpus/donateacry_corpus_cleaned_and_updated_data/hungry/539FDD32-6326-422E-A707-FCF063D3426C-1437073534-1.1-f-26-hu.wav,hungry,donateacry,train,7.000,8000,42,donateacry_public_corpus,539FDD32-6326-422E-A707-FCF063D3426C,f,26,0
data/raw/donateacry-corpus/donateacry_corpus_cleaned_and_updated_data/hungry/70d30513-0ec3-49e4-9976-e85785e85c2d-1431033390358-1.7-m-04-hu.wav,hungry,donateacry,train,6.940,8000,42,donateacry_public_corpus,70d30513-0ec3-49e4-9976-e85785e85c2d,m,04,0
data/raw/donateacry-corpus/donateacry_corpus_cleaned_and_updated_data/tired/C5127741-5897-468C-A543-7F1B72569F0E-1428333964-1.0-m-26-ti.wav,tired,donateacry,train,7.000,8000,42,donateacry_public_corpus,C5127741-5897-468C-A543-7F1B72569F0E,m,26,0
data/raw/donateacry-corpus/donateacry_corpus_cleaned_and_updated_data/tired/7A22229D-06C2-4AAA-9674-DE5DF1906B3A-1436891944-1.1-m-72-ti.wav,tired,donateacry,train,7.000,8000,42,donateacry_public_corpus,7A22229D-06C2-4AAA-9674-DE5DF1906B3A,m,72,0
data/raw/donateacry-corpus/donateacry_corpus_cleaned_and_updated_data/tired/cecd525b-18fd-49e3-b2b9-dfb08b93ad95-1430110029205-1.7-m-26-ti.wav,tired,donateacry,train,6.940,8000,42,donateacry_public_corpus,cecd525b-18fd-49e3-b2b9-dfb08b93ad95,m,26,0
data/raw/donateacry-corpus/donateacry_corpus_cleaned_and_updated_data/tired/b4c460d8-bd6b-4017-9bb8-2ae4ff0c5af1-1430418266487-1.7-f-26-ti.wav,tired,donateacry,train,6.920,8000,42,donateacry_public_corpus,b4c460d8-bd6b-4017-9bb8-2ae4ff0c5af1,f,26,0
data/raw/donateacry-corpus/donateacry_corpus_cleaned_and_updated_data/tired/06c4cfa2-7fa6-4fda-91a1-ea186a4acc64-1430029246453-1.7-f-26-ti.wav,tired,donateacry,train,6.520,8000,42,donateacry_public_corpus,06c4cfa2-7fa6-4fda-91a1-ea186a4acc64,f,26,0
data/raw/donateacry-corpus/donateacry_corpus_cleaned_and_updated_data/tired/7A22229D-06C2-4AAA-9674-DE5DF1906B3A-1436891957-1.1-m-72-ti.wav,tired,donateacry,train,7.000,8000,42,donateacry_public_corpus,7A22229D-06C2-4AAA-9674-DE5DF1906B3A,m,72,0
data/raw/donateacry-corpus/donateacry_corpus_cleaned_and_updated_data/tired/ca7d8d54-13cb-4060-8db4-90651b60c078-1434674792223-1.7-f-26-ti.wav,tired,donateacry,train,6.780,8000,42,donateacry_public_corpus,ca7d8d54-13cb-4060-8db4-90651b60c078,f,26,0
data/raw/donateacry-corpus/donateacry_corpus_cleaned_and_updated_data/tired/D4665929-8695-4655-927F-63F09B2D4CB8-1430726940-1.0-f-26-ti.wav,tired,donateacry,train,7.000,8000,42,donateacry_public_corpus,D4665929-8695-4655-927F-63F09B2D4CB8,f,26,0
data/raw/donateacry-corpus/donateacry_corpus_cleaned_and_updated_data/tired/d5abedab-9ed5-48d0-a83b-fc00c33d6d6b-1430079192907-1.7-f-04-ti.wav,tired,donateacry,train,6.880,8000,42,donateacry_public_corpus,d5abedab-9ed5-48d0-a83b-fc00c33d6d6b,f,04,0
data/raw/donateacry-corpus/donateacry_corpus_cleaned_and_updated_data/tired/5B416CE8-2591-4531-9ADC-86D085B5D48B-1430144827-1.0-m-48-ti.wav,tired,donateacry,train,7.000,8000,42,donateacry_public_corpus,5B416CE8-2591-4531-9ADC-86D085B5D48B,m,48,0
data/raw/donateacry-corpus/donateacry_corpus_cleaned_and_updated_data/tired/06c4cfa2-7fa6-4fda-91a1-ea186a4acc64-1430029221058-1.7-f-26-ti.wav,tired,donateacry,train,6.680,8000,42,donateacry_public_corpus,06c4cfa2-7fa6-4fda-91a1-ea186a4acc64,f,26,0
data/raw/donateacry-corpus/donateacry_corpus_cleaned_and_updated_data/tired/B2AABCE0-1F62-4B57-B58A-308959ABDFE7-1437188766-1.1-m-26-ti.wav,tired,donateacry,train,7.000,8000,42,donateacry_public_corpus,B2AABCE0-1F62-4B57-B58A-308959ABDFE7,m,26,0
data/raw/donateacry-corpus/donateacry_corpus_cleaned_and_updated_data/tired/C421C6FE-DFEE-4080-8AEA-848E7CE4756B-1430548384-1.0-m-26-ti.wav,tired,donateacry,train,7.000,8000,42,donateacry_public_corpus,C421C6FE-DFEE-4080-8AEA-848E7CE4756B,m,26,0
data/raw/donateacry-corpus/donateacry_corpus_cleaned_and_updated_data/tired/06c4cfa2-7fa6-4fda-91a1-ea186a4acc64-1430029237378-1.7-f-26-ti.wav,tired,donateacry,train,6.660,8000,42,donateacry_public_corpus,06c4cfa2-7fa6-4fda-91a1-ea186a4acc64,f,26,0
data/raw/donateacry-corpus/donateacry_corpus_cleaned_and_updated_data/tired/1309B82C-F146-46F0-A723-45345AFA6EA8-1430059864-1.0-f-04-ti.wav,tired,donateacry,train,7.000,8000,42,donateacry_public_corpus,1309B82C-F146-46F0-A723-45345AFA6EA8,f,04,0
data/raw/donateacry-corpus/donateacry_corpus_cleaned_and_updated_data/tired/eea17285-4ab9-4d34-a2f5-55fc8c866ac6-1431887695278-1.7-f-26-ti.wav,tired,donateacry,train,6.920,8000,42,donateacry_public_corpus,eea17285-4ab9-4d34-a2f5-55fc8c866ac6,f,26,0
data/raw/donateacry-corpus/donateacry_corpus_cleaned_and_updated_data/tired/d6cda191-4962-4308-9a36-46d5648a95ed-1431587887997-1.7-m-04-ti.wav,tired,donateacry,train,6.820,8000,42,donateacry_public_corpus,d6cda191-4962-4308-9a36-46d5648a95ed,m,04,0
